AnnoS;CorsoTIPO;AnnoNascita;SESSO;Lau
2024;Laurea;1984 e precedenti;F;7851
2024;Laurea Magistrale;1984 e precedenti;F;6541
2024;Laurea Magistrale Ciclo Unico;1984 e precedenti;F;1205
2024;Vecchio Ordinamento;1984 e precedenti;F;263
2024;Laurea;1984 e precedenti;M;6705
2024;Laurea Magistrale;1984 e precedenti;M;4081
2024;Laurea Magistrale Ciclo Unico;1984 e precedenti;M;1087
2024;Vecchio Ordinamento;1984 e precedenti;M;119
2024;Laurea;1985;F;704
2024;Laurea Magistrale;1985;F;829
2024;Laurea Magistrale Ciclo Unico;1985;F;172
2024;Vecchio Ordinamento;1985;F;1
2024;Laurea;1985;M;597
2024;Laurea Magistrale;1985;M;439
2024;Laurea Magistrale Ciclo Unico;1985;M;93
2024;Laurea;1986;F;719
2024;Laurea Magistrale;1986;F;851
2024;Laurea Magistrale Ciclo Unico;1986;F;188
2024;Vecchio Ordinamento;1986;F;3
2024;Laurea;1986;M;580
2024;Laurea Magistrale;1986;M;517
2024;Laurea Magistrale Ciclo Unico;1986;M;115
2024;Laurea;1987;F;789
2024;Laurea Magistrale;1987;F;839
2024;Laurea Magistrale Ciclo Unico;1987;F;183
2024;Laurea;1987;M;645
2024;Laurea Magistrale;1987;M;512
2024;Laurea Magistrale Ciclo Unico;1987;M;107
2024;Laurea;1988;F;827
2024;Laurea Magistrale;1988;F;946
2024;Laurea Magistrale Ciclo Unico;1988;F;245
2024;Vecchio Ordinamento;1988;F;4
2024;Laurea;1988;M;713
2024;Laurea Magistrale;1988;M;570
2024;Laurea Magistrale Ciclo Unico;1988;M;145
2024;Vecchio Ordinamento;1988;M;1
2024;Laurea;1989;F;970
2024;Laurea Magistrale;1989;F;1038
2024;Laurea Magistrale Ciclo Unico;1989;F;259
2024;Vecchio Ordinamento;1989;F;3
2024;Laurea;1989;M;791
2024;Laurea Magistrale;1989;M;698
2024;Laurea Magistrale Ciclo Unico;1989;M;162
2024;Laurea;1990;F;954
2024;Laurea Magistrale;1990;F;1190
2024;Laurea Magistrale Ciclo Unico;1990;F;347
2024;Vecchio Ordinamento;1990;F;1
2024;Laurea;1990;M;911
2024;Laurea Magistrale;1990;M;833
2024;Laurea Magistrale Ciclo Unico;1990;M;220
2024;Laurea;1991;F;1105
2024;Laurea Magistrale;1991;F;1315
2024;Laurea Magistrale Ciclo Unico;1991;F;378
2024;Vecchio Ordinamento;1991;F;3
2024;Laurea;1991;M;1123
2024;Laurea Magistrale;1991;M;1028
2024;Laurea Magistrale Ciclo Unico;1991;M;272
2024;Laurea;1992;F;1327
2024;Laurea Magistrale;1992;F;1620
2024;Laurea Magistrale Ciclo Unico;1992;F;500
2024;Laurea;1992;M;1282
2024;Laurea Magistrale;1992;M;1169
2024;Laurea Magistrale Ciclo Unico;1992;M;336
2024;Laurea;1993;F;1565
2024;Laurea Magistrale;1993;F;1904
2024;Laurea Magistrale Ciclo Unico;1993;F;604
2024;Laurea;1993;M;1499
2024;Laurea Magistrale;1993;M;1499
2024;Laurea Magistrale Ciclo Unico;1993;M;402
2024;Laurea;1994;F;1814
2024;Laurea Magistrale;1994;F;2443
2024;Laurea Magistrale Ciclo Unico;1994;F;781
2024;Laurea;1994;M;1809
2024;Laurea Magistrale;1994;M;2068
2024;Laurea Magistrale Ciclo Unico;1994;M;519
2024;Laurea;1995;F;2229
2024;Laurea Magistrale;1995;F;3387
2024;Laurea Magistrale Ciclo Unico;1995;F;1033
2024;Laurea;1995;M;2288
2024;Laurea Magistrale;1995;M;2918
2024;Laurea Magistrale Ciclo Unico;1995;M;691
2024;Laurea;1996;F;2886
2024;Laurea Magistrale;1996;F;5035
2024;Laurea Magistrale Ciclo Unico;1996;F;1458
2024;Laurea;1996;M;2834
2024;Laurea Magistrale;1996;M;4402
2024;Laurea Magistrale Ciclo Unico;1996;M;932
2024;Laurea;1997;F;3869
2024;Laurea Magistrale;1997;F;7949
2024;Laurea Magistrale Ciclo Unico;1997;F;2331
2024;Laurea;1997;M;4006
2024;Laurea Magistrale;1997;M;6826
2024;Laurea Magistrale Ciclo Unico;1997;M;1363
2024;Laurea;1998;F;5748
2024;Laurea Magistrale;1998;F;13163
2024;Laurea Magistrale Ciclo Unico;1998;F;4209
2024;Laurea;1998;M;5504
2024;Laurea Magistrale;1998;M;10063
2024;Laurea Magistrale Ciclo Unico;1998;M;2130
2024;Laurea;1999;F;9119
2024;Laurea Magistrale;1999;F;16859
2024;Laurea Magistrale Ciclo Unico;1999;F;6173
2024;Laurea;1999;M;8075
2024;Laurea Magistrale;1999;M;12608
2024;Laurea Magistrale Ciclo Unico;1999;M;2833
2024;Laurea;2000;F;16418
2024;Laurea Magistrale;2000;F;13930
2024;Laurea Magistrale Ciclo Unico;2000;F;4530
2024;Laurea;2000;M;12902
2024;Laurea Magistrale;2000;M;9770
2024;Laurea Magistrale Ciclo Unico;2000;M;1546
2024;Laurea;2001;F;30793
2024;Laurea Magistrale;2001;F;2044
2024;Laurea Magistrale Ciclo Unico;2001;F;662
2024;Laurea;2001;M;20926
2024;Laurea Magistrale;2001;M;1402
2024;Laurea Magistrale Ciclo Unico;2001;M;216
2024;Laurea;2002 e successivi;F;42504
2024;Laurea Magistrale;2002 e successivi;F;44
2024;Laurea Magistrale Ciclo Unico;2002 e successivi;F;10
2024;Laurea;2002 e successivi;M;27952
2024;Laurea Magistrale;2002 e successivi;M;49
2024;Laurea Magistrale Ciclo Unico;2002 e successivi;M;5
2023;Laurea;1983 e precedenti;F;6619
2023;Laurea Magistrale;1983 e precedenti;F;5086
2023;Laurea Magistrale Ciclo Unico;1983 e precedenti;F;993
2023;Vecchio Ordinamento;1983 e precedenti;F;296
2023;Laurea;1983 e precedenti;M;6644
2023;Laurea Magistrale;1983 e precedenti;M;3531
2023;Laurea Magistrale Ciclo Unico;1983 e precedenti;M;939
2023;Vecchio Ordinamento;1983 e precedenti;M;125
2023;Laurea;1984;F;582
2023;Laurea Magistrale;1984;F;736
2023;Laurea Magistrale Ciclo Unico;1984;F;157
2023;Vecchio Ordinamento;1984;F;2
2023;Laurea;1984;M;507
2023;Laurea Magistrale;1984;M;388
2023;Laurea Magistrale Ciclo Unico;1984;M;80
2023;Laurea;1985;F;609
2023;Laurea Magistrale;1985;F;713
2023;Laurea Magistrale Ciclo Unico;1985;F;173
2023;Vecchio Ordinamento;1985;F;2
2023;Laurea;1985;M;551
2023;Laurea Magistrale;1985;M;410
2023;Laurea Magistrale Ciclo Unico;1985;M;93
2023;Laurea;1986;F;659
2023;Laurea Magistrale;1986;F;745
2023;Laurea Magistrale Ciclo Unico;1986;F;209
2023;Vecchio Ordinamento;1986;F;3
2023;Laurea;1986;M;590
2023;Laurea Magistrale;1986;M;493
2023;Laurea Magistrale Ciclo Unico;1986;M;118
2023;Laurea;1987;F;765
2023;Laurea Magistrale;1987;F;831
2023;Laurea Magistrale Ciclo Unico;1987;F;229
2023;Vecchio Ordinamento;1987;F;4
2023;Laurea;1987;M;642
2023;Laurea Magistrale;1987;M;520
2023;Laurea Magistrale Ciclo Unico;1987;M;123
2023;Laurea;1988;F;840
2023;Laurea Magistrale;1988;F;940
2023;Laurea Magistrale Ciclo Unico;1988;F;259
2023;Vecchio Ordinamento;1988;F;4
2023;Laurea;1988;M;869
2023;Laurea Magistrale;1988;M;650
2023;Laurea Magistrale Ciclo Unico;1988;M;185
2023;Laurea;1989;F;883
2023;Laurea Magistrale;1989;F;1014
2023;Laurea Magistrale Ciclo Unico;1989;F;309
2023;Vecchio Ordinamento;1989;F;6
2023;Laurea;1989;M;867
2023;Laurea Magistrale;1989;M;775
2023;Laurea Magistrale Ciclo Unico;1989;M;200
2023;Vecchio Ordinamento;1989;M;1
2023;Laurea;1990;F;1029
2023;Laurea Magistrale;1990;F;1177
2023;Laurea Magistrale Ciclo Unico;1990;F;423
2023;Vecchio Ordinamento;1990;F;4
2023;Laurea;1990;M;1065
2023;Laurea Magistrale;1990;M;849
2023;Laurea Magistrale Ciclo Unico;1990;M;265
2023;Laurea;1991;F;1155
2023;Laurea Magistrale;1991;F;1411
2023;Laurea Magistrale Ciclo Unico;1991;F;464
2023;Vecchio Ordinamento;1991;F;2
2023;Laurea;1991;M;1207
2023;Laurea Magistrale;1991;M;1120
2023;Laurea Magistrale Ciclo Unico;1991;M;312
2023;Laurea;1992;F;1455
2023;Laurea Magistrale;1992;F;1763
2023;Laurea Magistrale Ciclo Unico;1992;F;582
2023;Vecchio Ordinamento;1992;F;1
2023;Laurea;1992;M;1464
2023;Laurea Magistrale;1992;M;1495
2023;Laurea Magistrale Ciclo Unico;1992;M;413
2023;Laurea;1993;F;1680
2023;Laurea Magistrale;1993;F;2363
2023;Laurea Magistrale Ciclo Unico;1993;F;834
2023;Laurea;1993;M;1695
2023;Laurea Magistrale;1993;M;2057
2023;Laurea Magistrale Ciclo Unico;1993;M;536
2023;Laurea;1994;F;2069
2023;Laurea Magistrale;1994;F;3196
2023;Laurea Magistrale Ciclo Unico;1994;F;1052
2023;Laurea;1994;M;2238
2023;Laurea Magistrale;1994;M;2851
2023;Laurea Magistrale Ciclo Unico;1994;M;675
2023;Laurea;1995;F;2661
2023;Laurea Magistrale;1995;F;4764
2023;Laurea Magistrale Ciclo Unico;1995;F;1455
2023;Laurea;1995;M;2777
2023;Laurea Magistrale;1995;M;4257
2023;Laurea Magistrale Ciclo Unico;1995;M;935
2023;Laurea;1996;F;3444
2023;Laurea Magistrale;1996;F;7892
2023;Laurea Magistrale Ciclo Unico;1996;F;2244
2023;Laurea;1996;M;3565
2023;Laurea Magistrale;1996;M;6669
2023;Laurea Magistrale Ciclo Unico;1996;M;1325
2023;Laurea;1997;F;5033
2023;Laurea Magistrale;1997;F;13330
2023;Laurea Magistrale Ciclo Unico;1997;F;3983
2023;Laurea;1997;M;5122
2023;Laurea Magistrale;1997;M;10222
2023;Laurea Magistrale Ciclo Unico;1997;M;2044
2023;Laurea;1998;F;8237
2023;Laurea Magistrale;1998;F;17344
2023;Laurea Magistrale Ciclo Unico;1998;F;6151
2023;Laurea;1998;M;7481
2023;Laurea Magistrale;1998;M;12854
2023;Laurea Magistrale Ciclo Unico;1998;M;2947
2023;Laurea;1999;F;15362
2023;Laurea Magistrale;1999;F;13238
2023;Laurea Magistrale Ciclo Unico;1999;F;4134
2023;Laurea;1999;M;11903
2023;Laurea Magistrale;1999;M;9258
2023;Laurea Magistrale Ciclo Unico;1999;M;1375
2023;Laurea;2000;F;30343
2023;Laurea Magistrale;2000;F;1836
2023;Laurea Magistrale Ciclo Unico;2000;F;576
2023;Laurea;2000;M;20229
2023;Laurea Magistrale;2000;M;1234
2023;Laurea Magistrale Ciclo Unico;2000;M;199
2023;Laurea;2001 e successivi;F;39933
2023;Laurea Magistrale;2001 e successivi;F;43
2023;Laurea Magistrale Ciclo Unico;2001 e successivi;F;7
2023;Laurea;2001 e successivi;M;25525
2023;Laurea Magistrale;2001 e successivi;M;52
2023;Laurea Magistrale Ciclo Unico;2001 e successivi;M;6
2022;Laurea;1982 e precedenti;F;5404
2022;Laurea Magistrale;1982 e precedenti;F;4215
2022;Laurea Magistrale Ciclo Unico;1982 e precedenti;F;954
2022;Vecchio Ordinamento;1982 e precedenti;F;362
2022;Laurea;1982 e precedenti;M;5478
2022;Laurea Magistrale;1982 e precedenti;M;3214
2022;Laurea Magistrale Ciclo Unico;1982 e precedenti;M;913
2022;Vecchio Ordinamento;1982 e precedenti;M;183
2022;Laurea;1983;F;454
2022;Laurea Magistrale;1983;F;596
2022;Laurea Magistrale Ciclo Unico;1983;F;144
2022;Vecchio Ordinamento;1983;F;2
2022;Laurea;1983;M;426
2022;Laurea Magistrale;1983;M;347
2022;Laurea Magistrale Ciclo Unico;1983;M;93
2022;Laurea;1984;F;525
2022;Laurea Magistrale;1984;F;698
2022;Laurea Magistrale Ciclo Unico;1984;F;183
2022;Vecchio Ordinamento;1984;F;5
2022;Laurea;1984;M;495
2022;Laurea Magistrale;1984;M;397
2022;Laurea Magistrale Ciclo Unico;1984;M;100
2022;Vecchio Ordinamento;1984;M;3
2022;Laurea;1985;F;598
2022;Laurea Magistrale;1985;F;708
2022;Laurea Magistrale Ciclo Unico;1985;F;219
2022;Vecchio Ordinamento;1985;F;2
2022;Laurea;1985;M;540
2022;Laurea Magistrale;1985;M;448
2022;Laurea Magistrale Ciclo Unico;1985;M;107
2022;Laurea;1986;F;617
2022;Laurea Magistrale;1986;F;817
2022;Laurea Magistrale Ciclo Unico;1986;F;196
2022;Vecchio Ordinamento;1986;F;6
2022;Laurea;1986;M;533
2022;Laurea Magistrale;1986;M;457
2022;Laurea Magistrale Ciclo Unico;1986;M;151
2022;Vecchio Ordinamento;1986;M;1
2022;Laurea;1987;F;668
2022;Laurea Magistrale;1987;F;812
2022;Laurea Magistrale Ciclo Unico;1987;F;246
2022;Vecchio Ordinamento;1987;F;5
2022;Laurea;1987;M;633
2022;Laurea Magistrale;1987;M;576
2022;Laurea Magistrale Ciclo Unico;1987;M;158
2022;Laurea;1988;F;782
2022;Laurea Magistrale;1988;F;966
2022;Laurea Magistrale Ciclo Unico;1988;F;319
2022;Vecchio Ordinamento;1988;F;2
2022;Laurea;1988;M;785
2022;Laurea Magistrale;1988;M;686
2022;Laurea Magistrale Ciclo Unico;1988;M;213
2022;Vecchio Ordinamento;1988;M;1
2022;Laurea;1989;F;880
2022;Laurea Magistrale;1989;F;1095
2022;Laurea Magistrale Ciclo Unico;1989;F;378
2022;Vecchio Ordinamento;1989;F;5
2022;Laurea;1989;M;876
2022;Laurea Magistrale;1989;M;813
2022;Laurea Magistrale Ciclo Unico;1989;M;252
2022;Vecchio Ordinamento;1989;M;1
2022;Laurea;1990;F;1025
2022;Laurea Magistrale;1990;F;1295
2022;Laurea Magistrale Ciclo Unico;1990;F;514
2022;Vecchio Ordinamento;1990;F;2
2022;Laurea;1990;M;1017
2022;Laurea Magistrale;1990;M;1043
2022;Laurea Magistrale Ciclo Unico;1990;M;332
2022;Laurea;1991;F;1200
2022;Laurea Magistrale;1991;F;1638
2022;Laurea Magistrale Ciclo Unico;1991;F;604
2022;Vecchio Ordinamento;1991;F;1
2022;Laurea;1991;M;1247
2022;Laurea Magistrale;1991;M;1378
2022;Laurea Magistrale Ciclo Unico;1991;M;466
2022;Laurea;1992;F;1529
2022;Laurea Magistrale;1992;F;2170
2022;Laurea Magistrale Ciclo Unico;1992;F;819
2022;Laurea;1992;M;1637
2022;Laurea Magistrale;1992;M;1880
2022;Laurea Magistrale Ciclo Unico;1992;M;579
2022;Laurea;1993;F;1861
2022;Laurea Magistrale;1993;F;3045
2022;Laurea Magistrale Ciclo Unico;1993;F;1083
2022;Laurea;1993;M;1926
2022;Laurea Magistrale;1993;M;2756
2022;Laurea Magistrale Ciclo Unico;1993;M;738
2022;Laurea;1994;F;2337
2022;Laurea Magistrale;1994;F;4278
2022;Laurea Magistrale Ciclo Unico;1994;F;1503
2022;Laurea;1994;M;2441
2022;Laurea Magistrale;1994;M;3992
2022;Laurea Magistrale Ciclo Unico;1994;M;1007
2022;Laurea;1995;F;3171
2022;Laurea Magistrale;1995;F;7155
2022;Laurea Magistrale Ciclo Unico;1995;F;2312
2022;Laurea;1995;M;3235
2022;Laurea Magistrale;1995;M;6102
2022;Laurea Magistrale Ciclo Unico;1995;M;1340
2022;Laurea;1996;F;4644
2022;Laurea Magistrale;1996;F;12286
2022;Laurea Magistrale Ciclo Unico;1996;F;3994
2022;Laurea;1996;M;4818
2022;Laurea Magistrale;1996;M;9622
2022;Laurea Magistrale Ciclo Unico;1996;M;2111
2022;Laurea;1997;F;7349
2022;Laurea Magistrale;1997;F;15680
2022;Laurea Magistrale Ciclo Unico;1997;F;6368
2022;Laurea;1997;M;6863
2022;Laurea Magistrale;1997;M;12183
2022;Laurea Magistrale Ciclo Unico;1997;M;3113
2022;Laurea;1998;F;13693
2022;Laurea Magistrale;1998;F;12534
2022;Laurea Magistrale Ciclo Unico;1998;F;4292
2022;Laurea;1998;M;10982
2022;Laurea Magistrale;1998;M;8704
2022;Laurea Magistrale Ciclo Unico;1998;M;1390
2022;Laurea;1999;F;27931
2022;Laurea Magistrale;1999;F;1518
2022;Laurea Magistrale Ciclo Unico;1999;F;575
2022;Laurea;1999;M;18867
2022;Laurea Magistrale;1999;M;1043
2022;Laurea Magistrale Ciclo Unico;1999;M;219
2022;Laurea;2000 e successivi;F;39268
2022;Laurea Magistrale;2000 e successivi;F;37
2022;Laurea Magistrale Ciclo Unico;2000 e successivi;F;9
2022;Laurea;2000 e successivi;M;25219
2022;Laurea Magistrale;2000 e successivi;M;35
2022;Laurea Magistrale Ciclo Unico;2000 e successivi;M;3
2021;Laurea;1981 e precedenti;F;4846
2021;Laurea Magistrale;1981 e precedenti;F;3283
2021;Laurea Magistrale Ciclo Unico;1981 e precedenti;F;807
2021;Vecchio Ordinamento;1981 e precedenti;F;407
2021;Laurea;1981 e precedenti;M;4906
2021;Laurea Magistrale;1981 e precedenti;M;2713
2021;Laurea Magistrale Ciclo Unico;1981 e precedenti;M;830
2021;Vecchio Ordinamento;1981 e precedenti;M;251
2021;Laurea;1982;F;438
2021;Laurea Magistrale;1982;F;429
2021;Laurea Magistrale Ciclo Unico;1982;F;112
2021;Vecchio Ordinamento;1982;F;7
2021;Laurea;1982;M;459
2021;Laurea Magistrale;1982;M;300
2021;Laurea Magistrale Ciclo Unico;1982;M;86
2021;Vecchio Ordinamento;1982;M;3
2021;Laurea;1983;F;476
2021;Laurea Magistrale;1983;F;489
2021;Laurea Magistrale Ciclo Unico;1983;F;149
2021;Vecchio Ordinamento;1983;F;4
2021;Laurea;1983;M;451
2021;Laurea Magistrale;1983;M;345
2021;Laurea Magistrale Ciclo Unico;1983;M;94
2021;Laurea;1984;F;540
2021;Laurea Magistrale;1984;F;537
2021;Laurea Magistrale Ciclo Unico;1984;F;191
2021;Vecchio Ordinamento;1984;F;8
2021;Laurea;1984;M;443
2021;Laurea Magistrale;1984;M;341
2021;Laurea Magistrale Ciclo Unico;1984;M;109
2021;Vecchio Ordinamento;1984;M;1
2021;Laurea;1985;F;582
2021;Laurea Magistrale;1985;F;600
2021;Laurea Magistrale Ciclo Unico;1985;F;258
2021;Vecchio Ordinamento;1985;F;7
2021;Laurea;1985;M;562
2021;Laurea Magistrale;1985;M;412
2021;Laurea Magistrale Ciclo Unico;1985;M;156
2021;Laurea;1986;F;656
2021;Laurea Magistrale;1986;F;676
2021;Laurea Magistrale Ciclo Unico;1986;F;281
2021;Vecchio Ordinamento;1986;F;8
2021;Laurea;1986;M;618
2021;Laurea Magistrale;1986;M;506
2021;Laurea Magistrale Ciclo Unico;1986;M;173
2021;Vecchio Ordinamento;1986;M;1
2021;Laurea;1987;F;705
2021;Laurea Magistrale;1987;F;736
2021;Laurea Magistrale Ciclo Unico;1987;F;297
2021;Vecchio Ordinamento;1987;F;4
2021;Laurea;1987;M;686
2021;Laurea Magistrale;1987;M;552
2021;Laurea Magistrale Ciclo Unico;1987;M;208
2021;Laurea;1988;F;817
2021;Laurea Magistrale;1988;F;965
2021;Laurea Magistrale Ciclo Unico;1988;F;421
2021;Vecchio Ordinamento;1988;F;10
2021;Laurea;1988;M;861
2021;Laurea Magistrale;1988;M;732
2021;Laurea Magistrale Ciclo Unico;1988;M;267
2021;Laurea;1989;F;1023
2021;Laurea Magistrale;1989;F;1146
2021;Laurea Magistrale Ciclo Unico;1989;F;498
2021;Vecchio Ordinamento;1989;F;9
2021;Laurea;1989;M;963
2021;Laurea Magistrale;1989;M;982
2021;Laurea Magistrale Ciclo Unico;1989;M;369
2021;Laurea;1990;F;1235
2021;Laurea Magistrale;1990;F;1503
2021;Laurea Magistrale Ciclo Unico;1990;F;720
2021;Vecchio Ordinamento;1990;F;1
2021;Laurea;1990;M;1340
2021;Laurea Magistrale;1990;M;1416
2021;Laurea Magistrale Ciclo Unico;1990;M;476
2021;Laurea;1991;F;1670
2021;Laurea Magistrale;1991;F;2064
2021;Laurea Magistrale Ciclo Unico;1991;F;878
2021;Vecchio Ordinamento;1991;F;5
2021;Laurea;1991;M;1620
2021;Laurea Magistrale;1991;M;1930
2021;Laurea Magistrale Ciclo Unico;1991;M;603
2021;Vecchio Ordinamento;1991;M;1
2021;Laurea;1992;F;2081
2021;Laurea Magistrale;1992;F;3041
2021;Laurea Magistrale Ciclo Unico;1992;F;1273
2021;Laurea;1992;M;2093
2021;Laurea Magistrale;1992;M;2856
2021;Laurea Magistrale Ciclo Unico;1992;M;818
2021;Laurea;1993;F;2683
2021;Laurea Magistrale;1993;F;4419
2021;Laurea Magistrale Ciclo Unico;1993;F;1779
2021;Laurea;1993;M;2706
2021;Laurea Magistrale;1993;M;4241
2021;Laurea Magistrale Ciclo Unico;1993;M;1090
2021;Laurea;1994;F;3484
2021;Laurea Magistrale;1994;F;7221
2021;Laurea Magistrale Ciclo Unico;1994;F;2686
2021;Laurea;1994;M;3572
2021;Laurea Magistrale;1994;M;6289
2021;Laurea Magistrale Ciclo Unico;1994;M;1635
2021;Laurea;1995;F;5211
2021;Laurea Magistrale;1995;F;12426
2021;Laurea Magistrale Ciclo Unico;1995;F;4266
2021;Laurea;1995;M;5042
2021;Laurea Magistrale;1995;M;9709
2021;Laurea Magistrale Ciclo Unico;1995;M;2313
2021;Laurea;1996;F;8509
2021;Laurea Magistrale;1996;F;15405
2021;Laurea Magistrale Ciclo Unico;1996;F;6713
2021;Laurea;1996;M;7557
2021;Laurea Magistrale;1996;M;12555
2021;Laurea Magistrale Ciclo Unico;1996;M;3368
2021;Laurea;1997;F;15149
2021;Laurea Magistrale;1997;F;11581
2021;Laurea Magistrale Ciclo Unico;1997;F;4188
2021;Laurea;1997;M;12192
2021;Laurea Magistrale;1997;M;8307
2021;Laurea Magistrale Ciclo Unico;1997;M;1419
2021;Laurea;1998;F;29869
2021;Laurea Magistrale;1998;F;1389
2021;Laurea Magistrale Ciclo Unico;1998;F;500
2021;Laurea;1998;M;19331
2021;Laurea Magistrale;1998;M;902
2021;Laurea Magistrale Ciclo Unico;1998;M;191
2021;Laurea;1999 e successivi;F;39250
2021;Laurea Magistrale;1999 e successivi;F;39
2021;Laurea Magistrale Ciclo Unico;1999 e successivi;F;8
2021;Laurea;1999 e successivi;M;25319
2021;Laurea Magistrale;1999 e successivi;M;33
2021;Laurea Magistrale Ciclo Unico;1999 e successivi;M;2
2020;Laurea;1980 e precedenti;F;3912
2020;Laurea Magistrale;1980 e precedenti;F;2548
2020;Laurea Magistrale Ciclo Unico;1980 e precedenti;F;693
2020;Vecchio Ordinamento;1980 e precedenti;F;452
2020;Laurea;1980 e precedenti;M;4186
2020;Laurea Magistrale;1980 e precedenti;M;2143
2020;Laurea Magistrale Ciclo Unico;1980 e precedenti;M;725
2020;Vecchio Ordinamento;1980 e precedenti;M;300
2020;Laurea;1981;F;306
2020;Laurea Magistrale;1981;F;286
2020;Laurea Magistrale Ciclo Unico;1981;F;92
2020;Vecchio Ordinamento;1981;F;34
2020;Laurea;1981;M;316
2020;Laurea Magistrale;1981;M;237
2020;Laurea Magistrale Ciclo Unico;1981;M;69
2020;Vecchio Ordinamento;1981;M;14
2020;Laurea;1982;F;339
2020;Laurea Magistrale;1982;F;359
2020;Laurea Magistrale Ciclo Unico;1982;F;151
2020;Vecchio Ordinamento;1982;F;10
2020;Laurea;1982;M;382
2020;Laurea Magistrale;1982;M;293
2020;Laurea Magistrale Ciclo Unico;1982;M;89
2020;Vecchio Ordinamento;1982;M;3
2020;Laurea;1983;F;424
2020;Laurea Magistrale;1983;F;457
2020;Laurea Magistrale Ciclo Unico;1983;F;168
2020;Vecchio Ordinamento;1983;F;7
2020;Laurea;1983;M;417
2020;Laurea Magistrale;1983;M;332
2020;Laurea Magistrale Ciclo Unico;1983;M;110
2020;Laurea;1984;F;473
2020;Laurea Magistrale;1984;F;509
2020;Laurea Magistrale Ciclo Unico;1984;F;256
2020;Vecchio Ordinamento;1984;F;14
2020;Laurea;1984;M;481
2020;Laurea Magistrale;1984;M;387
2020;Laurea Magistrale Ciclo Unico;1984;M;119
2020;Vecchio Ordinamento;1984;M;1
2020;Laurea;1985;F;489
2020;Laurea Magistrale;1985;F;630
2020;Laurea Magistrale Ciclo Unico;1985;F;285
2020;Vecchio Ordinamento;1985;F;7
2020;Laurea;1985;M;518
2020;Laurea Magistrale;1985;M;394
2020;Laurea Magistrale Ciclo Unico;1985;M;148
2020;Vecchio Ordinamento;1985;M;2
2020;Laurea;1986;F;569
2020;Laurea Magistrale;1986;F;638
2020;Laurea Magistrale Ciclo Unico;1986;F;303
2020;Vecchio Ordinamento;1986;F;7
2020;Laurea;1986;M;606
2020;Laurea Magistrale;1986;M;500
2020;Laurea Magistrale Ciclo Unico;1986;M;190
2020;Laurea;1987;F;680
2020;Laurea Magistrale;1987;F;855
2020;Laurea Magistrale Ciclo Unico;1987;F;423
2020;Vecchio Ordinamento;1987;F;9
2020;Laurea;1987;M;691
2020;Laurea Magistrale;1987;M;683
2020;Laurea Magistrale Ciclo Unico;1987;M;266
2020;Laurea;1988;F;883
2020;Laurea Magistrale;1988;F;1065
2020;Laurea Magistrale Ciclo Unico;1988;F;512
2020;Vecchio Ordinamento;1988;F;11
2020;Laurea;1988;M;960
2020;Laurea Magistrale;1988;M;938
2020;Laurea Magistrale Ciclo Unico;1988;M;365
2020;Laurea;1989;F;1046
2020;Laurea Magistrale;1989;F;1388
2020;Laurea Magistrale Ciclo Unico;1989;F;642
2020;Vecchio Ordinamento;1989;F;14
2020;Laurea;1989;M;1161
2020;Laurea Magistrale;1989;M;1289
2020;Laurea Magistrale Ciclo Unico;1989;M;456
2020;Vecchio Ordinamento;1989;M;1
2020;Laurea;1990;F;1409
2020;Laurea Magistrale;1990;F;1968
2020;Laurea Magistrale Ciclo Unico;1990;F;977
2020;Vecchio Ordinamento;1990;F;12
2020;Laurea;1990;M;1495
2020;Laurea Magistrale;1990;M;1904
2020;Laurea Magistrale Ciclo Unico;1990;M;670
2020;Vecchio Ordinamento;1990;M;1
2020;Laurea;1991;F;1820
2020;Laurea Magistrale;1991;F;2794
2020;Laurea Magistrale Ciclo Unico;1991;F;1260
2020;Vecchio Ordinamento;1991;F;5
2020;Laurea;1991;M;1965
2020;Laurea Magistrale;1991;M;2722
2020;Laurea Magistrale Ciclo Unico;1991;M;872
2020;Laurea;1992;F;2594
2020;Laurea Magistrale;1992;F;4515
2020;Laurea Magistrale Ciclo Unico;1992;F;1782
2020;Laurea;1992;M;2783
2020;Laurea Magistrale;1992;M;4216
2020;Laurea Magistrale Ciclo Unico;1992;M;1128
2020;Laurea;1993;F;3500
2020;Laurea Magistrale;1993;F;6930
2020;Laurea Magistrale Ciclo Unico;1993;F;2789
2020;Laurea;1993;M;3575
2020;Laurea Magistrale;1993;M;6243
2020;Laurea Magistrale Ciclo Unico;1993;M;1715
2020;Laurea;1994;F;5019
2020;Laurea Magistrale;1994;F;11260
2020;Laurea Magistrale Ciclo Unico;1994;F;4555
2020;Laurea;1994;M;5092
2020;Laurea Magistrale;1994;M;8862
2020;Laurea Magistrale Ciclo Unico;1994;M;2556
2020;Laurea;1995;F;8021
2020;Laurea Magistrale;1995;F;13945
2020;Laurea Magistrale Ciclo Unico;1995;F;6757
2020;Laurea;1995;M;7493
2020;Laurea Magistrale;1995;M;10836
2020;Laurea Magistrale Ciclo Unico;1995;M;3633
2020;Laurea;1996;F;14621
2020;Laurea Magistrale;1996;F;10493
2020;Laurea Magistrale Ciclo Unico;1996;F;4089
2020;Laurea;1996;M;11832
2020;Laurea Magistrale;1996;M;7630
2020;Laurea Magistrale Ciclo Unico;1996;M;1426
2020;Laurea;1997;F;28860
2020;Laurea Magistrale;1997;F;910
2020;Laurea Magistrale Ciclo Unico;1997;F;390
2020;Laurea;1997;M;19418
2020;Laurea Magistrale;1997;M;628
2020;Laurea Magistrale Ciclo Unico;1997;M;153
2020;Laurea;1998 e successivi;F;37272
2020;Laurea Magistrale;1998 e successivi;F;19
2020;Laurea Magistrale Ciclo Unico;1998 e successivi;F;6
2020;Laurea;1998 e successivi;M;24852
2020;Laurea Magistrale;1998 e successivi;M;25
2020;Laurea Magistrale Ciclo Unico;1998 e successivi;M;2
2019;Laurea;1979 e precedenti;F;3322
2019;Laurea Magistrale;1979 e precedenti;F;2141
2019;Laurea Magistrale Ciclo Unico;1979 e precedenti;F;613
2019;Vecchio Ordinamento;1979 e precedenti;F;620
2019;Laurea;1979 e precedenti;M;3662
2019;Laurea Magistrale;1979 e precedenti;M;1914
2019;Laurea Magistrale Ciclo Unico;1979 e precedenti;M;717
2019;Vecchio Ordinamento;1979 e precedenti;M;323
2019;Laurea;1980;F;270
2019;Laurea Magistrale;1980;F;215
2019;Laurea Magistrale Ciclo Unico;1980;F;85
2019;Vecchio Ordinamento;1980;F;68
2019;Laurea;1980;M;279
2019;Laurea Magistrale;1980;M;175
2019;Laurea Magistrale Ciclo Unico;1980;M;63
2019;Vecchio Ordinamento;1980;M;39
2019;Laurea;1981;F;281
2019;Laurea Magistrale;1981;F;270
2019;Laurea Magistrale Ciclo Unico;1981;F;124
2019;Vecchio Ordinamento;1981;F;50
2019;Laurea;1981;M;317
2019;Laurea Magistrale;1981;M;219
2019;Laurea Magistrale Ciclo Unico;1981;M;77
2019;Vecchio Ordinamento;1981;M;18
2019;Laurea;1982;F;339
2019;Laurea Magistrale;1982;F;304
2019;Laurea Magistrale Ciclo Unico;1982;F;142
2019;Vecchio Ordinamento;1982;F;14
2019;Laurea;1982;M;345
2019;Laurea Magistrale;1982;M;279
2019;Laurea Magistrale Ciclo Unico;1982;M;85
2019;Vecchio Ordinamento;1982;M;1
2019;Laurea;1983;F;404
2019;Laurea Magistrale;1983;F;399
2019;Laurea Magistrale Ciclo Unico;1983;F;197
2019;Vecchio Ordinamento;1983;F;9
2019;Laurea;1983;M;439
2019;Laurea Magistrale;1983;M;339
2019;Laurea Magistrale Ciclo Unico;1983;M;131
2019;Vecchio Ordinamento;1983;M;2
2019;Laurea;1984;F;468
2019;Laurea Magistrale;1984;F;522
2019;Laurea Magistrale Ciclo Unico;1984;F;280
2019;Vecchio Ordinamento;1984;F;8
2019;Laurea;1984;M;433
2019;Laurea Magistrale;1984;M;390
2019;Laurea Magistrale Ciclo Unico;1984;M;178
2019;Vecchio Ordinamento;1984;M;1
2019;Laurea;1985;F;514
2019;Laurea Magistrale;1985;F;571
2019;Laurea Magistrale Ciclo Unico;1985;F;324
2019;Vecchio Ordinamento;1985;F;12
2019;Laurea;1985;M;528
2019;Laurea Magistrale;1985;M;465
2019;Laurea Magistrale Ciclo Unico;1985;M;190
2019;Vecchio Ordinamento;1985;M;1
2019;Laurea;1986;F;657
2019;Laurea Magistrale;1986;F;745
2019;Laurea Magistrale Ciclo Unico;1986;F;404
2019;Vecchio Ordinamento;1986;F;12
2019;Laurea;1986;M;620
2019;Laurea Magistrale;1986;M;627
2019;Laurea Magistrale Ciclo Unico;1986;M;261
2019;Laurea;1987;F;729
2019;Laurea Magistrale;1987;F;1012
2019;Laurea Magistrale Ciclo Unico;1987;F;495
2019;Vecchio Ordinamento;1987;F;9
2019;Laurea;1987;M;795
2019;Laurea Magistrale;1987;M;832
2019;Laurea Magistrale Ciclo Unico;1987;M;326
2019;Vecchio Ordinamento;1987;M;1
2019;Laurea;1988;F;1030
2019;Laurea Magistrale;1988;F;1321
2019;Laurea Magistrale Ciclo Unico;1988;F;688
2019;Vecchio Ordinamento;1988;F;12
2019;Laurea;1988;M;1012
2019;Laurea Magistrale;1988;M;1180
2019;Laurea Magistrale Ciclo Unico;1988;M;448
2019;Laurea;1989;F;1222
2019;Laurea Magistrale;1989;F;1834
2019;Laurea Magistrale Ciclo Unico;1989;F;852
2019;Vecchio Ordinamento;1989;F;24
2019;Laurea;1989;M;1375
2019;Laurea Magistrale;1989;M;1714
2019;Laurea Magistrale Ciclo Unico;1989;M;579
2019;Vecchio Ordinamento;1989;M;1
2019;Laurea;1990;F;1774
2019;Laurea Magistrale;1990;F;2656
2019;Laurea Magistrale Ciclo Unico;1990;F;1331
2019;Vecchio Ordinamento;1990;F;7
2019;Laurea;1990;M;1975
2019;Laurea Magistrale;1990;M;2668
2019;Laurea Magistrale Ciclo Unico;1990;M;835
2019;Vecchio Ordinamento;1990;M;1
2019;Laurea;1991;F;2332
2019;Laurea Magistrale;1991;F;4321
2019;Laurea Magistrale Ciclo Unico;1991;F;1819
2019;Vecchio Ordinamento;1991;F;10
2019;Laurea;1991;M;2623
2019;Laurea Magistrale;1991;M;4131
2019;Laurea Magistrale Ciclo Unico;1991;M;1241
2019;Vecchio Ordinamento;1991;M;1
2019;Laurea;1992;F;3487
2019;Laurea Magistrale;1992;F;6969
2019;Laurea Magistrale Ciclo Unico;1992;F;2937
2019;Laurea;1992;M;3624
2019;Laurea Magistrale;1992;M;6302
2019;Laurea Magistrale Ciclo Unico;1992;M;1898
2019;Laurea;1993;F;5247
2019;Laurea Magistrale;1993;F;11470
2019;Laurea Magistrale Ciclo Unico;1993;F;4592
2019;Laurea;1993;M;5130
2019;Laurea Magistrale;1993;M;9098
2019;Laurea Magistrale Ciclo Unico;1993;M;2609
2019;Laurea;1994;F;7923
2019;Laurea Magistrale;1994;F;13319
2019;Laurea Magistrale Ciclo Unico;1994;F;6812
2019;Laurea;1994;M;7473
2019;Laurea Magistrale;1994;M;10433
2019;Laurea Magistrale Ciclo Unico;1994;M;3627
2019;Laurea;1995;F;14673
2019;Laurea Magistrale;1995;F;9619
2019;Laurea Magistrale Ciclo Unico;1995;F;3779
2019;Laurea;1995;M;11747
2019;Laurea Magistrale;1995;M;6870
2019;Laurea Magistrale Ciclo Unico;1995;M;1366
2019;Laurea;1996;F;29024
2019;Laurea Magistrale;1996;F;726
2019;Laurea Magistrale Ciclo Unico;1996;F;327
2019;Laurea;1996;M;19591
2019;Laurea Magistrale;1996;M;516
2019;Laurea Magistrale Ciclo Unico;1996;M;152
2019;Laurea;1997 e successivi;F;36288
2019;Laurea Magistrale;1997 e successivi;F;22
2019;Laurea Magistrale Ciclo Unico;1997 e successivi;F;3
2019;Laurea;1997 e successivi;M;23733
2019;Laurea Magistrale;1997 e successivi;M;13
2019;Laurea Magistrale Ciclo Unico;1997 e successivi;M;4
2018;Laurea;1978 e precedenti;F;3073
2018;Laurea Magistrale;1978 e precedenti;F;1894
2018;Laurea Magistrale Ciclo Unico;1978 e precedenti;F;520
2018;Vecchio Ordinamento;1978 e precedenti;F;611
2018;Laurea;1978 e precedenti;M;2905
2018;Laurea Magistrale;1978 e precedenti;M;1665
2018;Laurea Magistrale Ciclo Unico;1978 e precedenti;M;663
2018;Vecchio Ordinamento;1978 e precedenti;M;379
2018;Laurea;1979;F;249
2018;Laurea Magistrale;1979;F;159
2018;Laurea Magistrale Ciclo Unico;1979;F;75
2018;Vecchio Ordinamento;1979;F;69
2018;Laurea;1979;M;240
2018;Laurea Magistrale;1979;M;155
2018;Laurea Magistrale Ciclo Unico;1979;M;53
2018;Vecchio Ordinamento;1979;M;24
2018;Laurea;1980;F;271
2018;Laurea Magistrale;1980;F;168
2018;Laurea Magistrale Ciclo Unico;1980;F;75
2018;Vecchio Ordinamento;1980;F;69
2018;Laurea;1980;M;271
2018;Laurea Magistrale;1980;M;171
2018;Laurea Magistrale Ciclo Unico;1980;M;71
2018;Vecchio Ordinamento;1980;M;39
2018;Laurea;1981;F;279
2018;Laurea Magistrale;1981;F;233
2018;Laurea Magistrale Ciclo Unico;1981;F;129
2018;Vecchio Ordinamento;1981;F;72
2018;Laurea;1981;M;280
2018;Laurea Magistrale;1981;M;197
2018;Laurea Magistrale Ciclo Unico;1981;M;88
2018;Vecchio Ordinamento;1981;M;36
2018;Laurea;1982;F;391
2018;Laurea Magistrale;1982;F;350
2018;Laurea Magistrale Ciclo Unico;1982;F;167
2018;Vecchio Ordinamento;1982;F;32
2018;Laurea;1982;M;369
2018;Laurea Magistrale;1982;M;272
2018;Laurea Magistrale Ciclo Unico;1982;M;118
2018;Vecchio Ordinamento;1982;M;5
2018;Laurea;1983;F;386
2018;Laurea Magistrale;1983;F;434
2018;Laurea Magistrale Ciclo Unico;1983;F;238
2018;Vecchio Ordinamento;1983;F;12
2018;Laurea;1983;M;415
2018;Laurea Magistrale;1983;M;355
2018;Laurea Magistrale Ciclo Unico;1983;M;137
2018;Vecchio Ordinamento;1983;M;1
2018;Laurea;1984;F;507
2018;Laurea Magistrale;1984;F;516
2018;Laurea Magistrale Ciclo Unico;1984;F;311
2018;Vecchio Ordinamento;1984;F;12
2018;Laurea;1984;M;478
2018;Laurea Magistrale;1984;M;459
2018;Laurea Magistrale Ciclo Unico;1984;M;230
2018;Laurea;1985;F;638
2018;Laurea Magistrale;1985;F;622
2018;Laurea Magistrale Ciclo Unico;1985;F;435
2018;Vecchio Ordinamento;1985;F;13
2018;Laurea;1985;M;576
2018;Laurea Magistrale;1985;M;561
2018;Laurea Magistrale Ciclo Unico;1985;M;267
2018;Vecchio Ordinamento;1985;M;2
2018;Laurea;1986;F;739
2018;Laurea Magistrale;1986;F;797
2018;Laurea Magistrale Ciclo Unico;1986;F;513
2018;Vecchio Ordinamento;1986;F;26
2018;Laurea;1986;M;720
2018;Laurea Magistrale;1986;M;755
2018;Laurea Magistrale Ciclo Unico;1986;M;319
2018;Vecchio Ordinamento;1986;M;2
2018;Laurea;1987;F;907
2018;Laurea Magistrale;1987;F;1109
2018;Laurea Magistrale Ciclo Unico;1987;F;704
2018;Vecchio Ordinamento;1987;F;17
2018;Laurea;1987;M;874
2018;Laurea Magistrale;1987;M;1099
2018;Laurea Magistrale Ciclo Unico;1987;M;514
2018;Laurea;1988;F;1232
2018;Laurea Magistrale;1988;F;1707
2018;Laurea Magistrale Ciclo Unico;1988;F;924
2018;Vecchio Ordinamento;1988;F;22
2018;Laurea;1988;M;1309
2018;Laurea Magistrale;1988;M;1654
2018;Laurea Magistrale Ciclo Unico;1988;M;649
2018;Laurea;1989;F;1699
2018;Laurea Magistrale;1989;F;2581
2018;Laurea Magistrale Ciclo Unico;1989;F;1295
2018;Vecchio Ordinamento;1989;F;16
2018;Laurea;1989;M;1723
2018;Laurea Magistrale;1989;M;2552
2018;Laurea Magistrale Ciclo Unico;1989;M;844
2018;Vecchio Ordinamento;1989;M;2
2018;Laurea;1990;F;2385
2018;Laurea Magistrale;1990;F;4232
2018;Laurea Magistrale Ciclo Unico;1990;F;1969
2018;Vecchio Ordinamento;1990;F;32
2018;Laurea;1990;M;2459
2018;Laurea Magistrale;1990;M;3896
2018;Laurea Magistrale Ciclo Unico;1990;M;1364
2018;Laurea;1991;F;3529
2018;Laurea Magistrale;1991;F;6682
2018;Laurea Magistrale Ciclo Unico;1991;F;3072
2018;Vecchio Ordinamento;1991;F;22
2018;Laurea;1991;M;3575
2018;Laurea Magistrale;1991;M;5944
2018;Laurea Magistrale Ciclo Unico;1991;M;2006
2018;Laurea;1992;F;5444
2018;Laurea Magistrale;1992;F;11082
2018;Laurea Magistrale Ciclo Unico;1992;F;5096
2018;Laurea;1992;M;4968
2018;Laurea Magistrale;1992;M;8804
2018;Laurea Magistrale Ciclo Unico;1992;M;2928
2018;Laurea;1993;F;8525
2018;Laurea Magistrale;1993;F;12713
2018;Laurea Magistrale Ciclo Unico;1993;F;6601
2018;Laurea;1993;M;7673
2018;Laurea Magistrale;1993;M;9645
2018;Laurea Magistrale Ciclo Unico;1993;M;3577
2018;Laurea;1994;F;14723
2018;Laurea Magistrale;1994;F;8533
2018;Laurea Magistrale Ciclo Unico;1994;F;3543
2018;Laurea;1994;M;11521
2018;Laurea Magistrale;1994;M;6150
2018;Laurea Magistrale Ciclo Unico;1994;M;1345
2018;Laurea;1995;F;28054
2018;Laurea Magistrale;1995;F;606
2018;Laurea Magistrale Ciclo Unico;1995;F;320
2018;Laurea;1995;M;18222
2018;Laurea Magistrale;1995;M;434
2018;Laurea Magistrale Ciclo Unico;1995;M;130
2018;Laurea;1996 e successivi;F;32677
2018;Laurea Magistrale;1996 e successivi;F;13
2018;Laurea Magistrale Ciclo Unico;1996 e successivi;F;4
2018;Laurea;1996 e successivi;M;21964
2018;Laurea Magistrale;1996 e successivi;M;9
2018;Laurea Magistrale Ciclo Unico;1996 e successivi;M;4
2017;Laurea;1977 e precedenti;F;2720
2017;Laurea Magistrale;1977 e precedenti;F;1952
2017;Laurea Magistrale Ciclo Unico;1977 e precedenti;F;554
2017;Vecchio Ordinamento;1977 e precedenti;F;711
2017;Laurea;1977 e precedenti;M;2782
2017;Laurea Magistrale;1977 e precedenti;M;1456
2017;Laurea Magistrale Ciclo Unico;1977 e precedenti;M;714
2017;Vecchio Ordinamento;1977 e precedenti;M;464
2017;Laurea;1978;F;242
2017;Laurea Magistrale;1978;F;142
2017;Laurea Magistrale Ciclo Unico;1978;F;78
2017;Vecchio Ordinamento;1978;F;92
2017;Laurea;1978;M;242
2017;Laurea Magistrale;1978;M;148
2017;Laurea Magistrale Ciclo Unico;1978;M;68
2017;Vecchio Ordinamento;1978;M;46
2017;Laurea;1979;F;242
2017;Laurea Magistrale;1979;F;170
2017;Laurea Magistrale Ciclo Unico;1979;F;105
2017;Vecchio Ordinamento;1979;F;106
2017;Laurea;1979;M;254
2017;Laurea Magistrale;1979;M;159
2017;Laurea Magistrale Ciclo Unico;1979;M;63
2017;Vecchio Ordinamento;1979;M;42
2017;Laurea;1980;F;274
2017;Laurea Magistrale;1980;F;226
2017;Laurea Magistrale Ciclo Unico;1980;F;88
2017;Vecchio Ordinamento;1980;F;96
2017;Laurea;1980;M;277
2017;Laurea Magistrale;1980;M;157
2017;Laurea Magistrale Ciclo Unico;1980;M;79
2017;Vecchio Ordinamento;1980;M;43
2017;Laurea;1981;F;316
2017;Laurea Magistrale;1981;F;297
2017;Laurea Magistrale Ciclo Unico;1981;F;125
2017;Vecchio Ordinamento;1981;F;86
2017;Laurea;1981;M;321
2017;Laurea Magistrale;1981;M;225
2017;Laurea Magistrale Ciclo Unico;1981;M;99
2017;Vecchio Ordinamento;1981;M;40
2017;Laurea;1982;F;406
2017;Laurea Magistrale;1982;F;319
2017;Laurea Magistrale Ciclo Unico;1982;F;209
2017;Vecchio Ordinamento;1982;F;34
2017;Laurea;1982;M;361
2017;Laurea Magistrale;1982;M;312
2017;Laurea Magistrale Ciclo Unico;1982;M;152
2017;Vecchio Ordinamento;1982;M;11
2017;Laurea;1983;F;499
2017;Laurea Magistrale;1983;F;506
2017;Laurea Magistrale Ciclo Unico;1983;F;291
2017;Vecchio Ordinamento;1983;F;32
2017;Laurea;1983;M;468
2017;Laurea Magistrale;1983;M;428
2017;Laurea Magistrale Ciclo Unico;1983;M;224
2017;Vecchio Ordinamento;1983;M;4
2017;Laurea;1984;F;624
2017;Laurea Magistrale;1984;F;648
2017;Laurea Magistrale Ciclo Unico;1984;F;396
2017;Vecchio Ordinamento;1984;F;27
2017;Laurea;1984;M;531
2017;Laurea Magistrale;1984;M;560
2017;Laurea Magistrale Ciclo Unico;1984;M;269
2017;Vecchio Ordinamento;1984;M;2
2017;Laurea;1985;F;798
2017;Laurea Magistrale;1985;F;863
2017;Laurea Magistrale Ciclo Unico;1985;F;503
2017;Vecchio Ordinamento;1985;F;30
2017;Laurea;1985;M;703
2017;Laurea Magistrale;1985;M;743
2017;Laurea Magistrale Ciclo Unico;1985;M;364
2017;Vecchio Ordinamento;1985;M;3
2017;Laurea;1986;F;917
2017;Laurea Magistrale;1986;F;1138
2017;Laurea Magistrale Ciclo Unico;1986;F;651
2017;Vecchio Ordinamento;1986;F;27
2017;Laurea;1986;M;883
2017;Laurea Magistrale;1986;M;1057
2017;Laurea Magistrale Ciclo Unico;1986;M;438
2017;Vecchio Ordinamento;1986;M;6
2017;Laurea;1987;F;1357
2017;Laurea Magistrale;1987;F;1692
2017;Laurea Magistrale Ciclo Unico;1987;F;874
2017;Vecchio Ordinamento;1987;F;30
2017;Laurea;1987;M;1265
2017;Laurea Magistrale;1987;M;1550
2017;Laurea Magistrale Ciclo Unico;1987;M;643
2017;Vecchio Ordinamento;1987;M;2
2017;Laurea;1988;F;1842
2017;Laurea Magistrale;1988;F;2638
2017;Laurea Magistrale Ciclo Unico;1988;F;1286
2017;Vecchio Ordinamento;1988;F;48
2017;Laurea;1988;M;1736
2017;Laurea Magistrale;1988;M;2400
2017;Laurea Magistrale Ciclo Unico;1988;M;853
2017;Laurea;1989;F;2504
2017;Laurea Magistrale;1989;F;4141
2017;Laurea Magistrale Ciclo Unico;1989;F;1918
2017;Vecchio Ordinamento;1989;F;48
2017;Laurea;1989;M;2514
2017;Laurea Magistrale;1989;M;3818
2017;Laurea Magistrale Ciclo Unico;1989;M;1266
2017;Vecchio Ordinamento;1989;M;2
2017;Laurea;1990;F;3658
2017;Laurea Magistrale;1990;F;6820
2017;Laurea Magistrale Ciclo Unico;1990;F;2869
2017;Vecchio Ordinamento;1990;F;51
2017;Laurea;1990;M;3559
2017;Laurea Magistrale;1990;M;5790
2017;Laurea Magistrale Ciclo Unico;1990;M;1944
2017;Vecchio Ordinamento;1990;M;1
2017;Laurea;1991;F;5436
2017;Laurea Magistrale;1991;F;10928
2017;Laurea Magistrale Ciclo Unico;1991;F;4906
2017;Vecchio Ordinamento;1991;F;47
2017;Laurea;1991;M;5176
2017;Laurea Magistrale;1991;M;8166
2017;Laurea Magistrale Ciclo Unico;1991;M;2840
2017;Vecchio Ordinamento;1991;M;5
2017;Laurea;1992;F;8936
2017;Laurea Magistrale;1992;F;12495
2017;Laurea Magistrale Ciclo Unico;1992;F;6780
2017;Laurea;1992;M;7827
2017;Laurea Magistrale;1992;M;9181
2017;Laurea Magistrale Ciclo Unico;1992;M;3599
2017;Laurea;1993;F;15406
2017;Laurea Magistrale;1993;F;7803
2017;Laurea Magistrale Ciclo Unico;1993;F;3451
2017;Laurea;1993;M;11800
2017;Laurea Magistrale;1993;M;5251
2017;Laurea Magistrale Ciclo Unico;1993;M;1397
2017;Laurea;1994;F;27572
2017;Laurea Magistrale;1994;F;535
2017;Laurea Magistrale Ciclo Unico;1994;F;333
2017;Laurea;1994;M;17351
2017;Laurea Magistrale;1994;M;434
2017;Laurea Magistrale Ciclo Unico;1994;M;158
2017;Laurea;1995 e successivi;F;29711
2017;Laurea Magistrale;1995 e successivi;F;13
2017;Laurea Magistrale Ciclo Unico;1995 e successivi;F;2
2017;Laurea;1995 e successivi;M;19071
2017;Laurea Magistrale;1995 e successivi;M;7
2017;Laurea Magistrale Ciclo Unico;1995 e successivi;M;4
2016;Laurea;1976 e precedenti;F;2821
2016;Laurea Magistrale;1976 e precedenti;F;1894
2016;Laurea Magistrale Ciclo Unico;1976 e precedenti;F;442
2016;Vecchio Ordinamento;1976 e precedenti;F;854
2016;Laurea;1976 e precedenti;M;2607
2016;Laurea Magistrale;1976 e precedenti;M;1408
2016;Laurea Magistrale Ciclo Unico;1976 e precedenti;M;849
2016;Vecchio Ordinamento;1976 e precedenti;M;482
2016;Laurea;1977;F;253
2016;Laurea Magistrale;1977;F;146
2016;Laurea Magistrale Ciclo Unico;1977;F;64
2016;Vecchio Ordinamento;1977;F;126
2016;Laurea;1977;M;271
2016;Laurea Magistrale;1977;M;132
2016;Laurea Magistrale Ciclo Unico;1977;M;57
2016;Vecchio Ordinamento;1977;M;56
2016;Laurea;1978;F;291
2016;Laurea Magistrale;1978;F;147
2016;Laurea Magistrale Ciclo Unico;1978;F;66
2016;Vecchio Ordinamento;1978;F;136
2016;Laurea;1978;M;221
2016;Laurea Magistrale;1978;M;130
2016;Laurea Magistrale Ciclo Unico;1978;M;80
2016;Vecchio Ordinamento;1978;M;65
2016;Laurea;1979;F;291
2016;Laurea Magistrale;1979;F;198
2016;Laurea Magistrale Ciclo Unico;1979;F;78
2016;Vecchio Ordinamento;1979;F;139
2016;Laurea;1979;M;264
2016;Laurea Magistrale;1979;M;151
2016;Laurea Magistrale Ciclo Unico;1979;M;88
2016;Vecchio Ordinamento;1979;M;59
2016;Laurea;1980;F;356
2016;Laurea Magistrale;1980;F;229
2016;Laurea Magistrale Ciclo Unico;1980;F;104
2016;Vecchio Ordinamento;1980;F;163
2016;Laurea;1980;M;302
2016;Laurea Magistrale;1980;M;181
2016;Laurea Magistrale Ciclo Unico;1980;M;91
2016;Vecchio Ordinamento;1980;M;66
2016;Laurea;1981;F;380
2016;Laurea Magistrale;1981;F;268
2016;Laurea Magistrale Ciclo Unico;1981;F;138
2016;Vecchio Ordinamento;1981;F;149
2016;Laurea;1981;M;347
2016;Laurea Magistrale;1981;M;234
2016;Laurea Magistrale Ciclo Unico;1981;M;116
2016;Vecchio Ordinamento;1981;M;62
2016;Laurea;1982;F;503
2016;Laurea Magistrale;1982;F;482
2016;Laurea Magistrale Ciclo Unico;1982;F;233
2016;Vecchio Ordinamento;1982;F;81
2016;Laurea;1982;M;462
2016;Laurea Magistrale;1982;M;382
2016;Laurea Magistrale Ciclo Unico;1982;M;172
2016;Vecchio Ordinamento;1982;M;22
2016;Laurea;1983;F;641
2016;Laurea Magistrale;1983;F;604
2016;Laurea Magistrale Ciclo Unico;1983;F;316
2016;Vecchio Ordinamento;1983;F;46
2016;Laurea;1983;M;547
2016;Laurea Magistrale;1983;M;516
2016;Laurea Magistrale Ciclo Unico;1983;M;254
2016;Vecchio Ordinamento;1983;M;4
2016;Laurea;1984;F;795
2016;Laurea Magistrale;1984;F;846
2016;Laurea Magistrale Ciclo Unico;1984;F;507
2016;Vecchio Ordinamento;1984;F;54
2016;Laurea;1984;M;670
2016;Laurea Magistrale;1984;M;707
2016;Laurea Magistrale Ciclo Unico;1984;M;369
2016;Vecchio Ordinamento;1984;M;4
2016;Laurea;1985;F;985
2016;Laurea Magistrale;1985;F;1189
2016;Laurea Magistrale Ciclo Unico;1985;F;655
2016;Vecchio Ordinamento;1985;F;52
2016;Laurea;1985;M;899
2016;Laurea Magistrale;1985;M;1076
2016;Laurea Magistrale Ciclo Unico;1985;M;506
2016;Vecchio Ordinamento;1985;M;2
2016;Laurea;1986;F;1397
2016;Laurea Magistrale;1986;F;1634
2016;Laurea Magistrale Ciclo Unico;1986;F;862
2016;Vecchio Ordinamento;1986;F;59
2016;Laurea;1986;M;1275
2016;Laurea Magistrale;1986;M;1505
2016;Laurea Magistrale Ciclo Unico;1986;M;672
2016;Vecchio Ordinamento;1986;M;8
2016;Laurea;1987;F;1809
2016;Laurea Magistrale;1987;F;2533
2016;Laurea Magistrale Ciclo Unico;1987;F;1187
2016;Vecchio Ordinamento;1987;F;60
2016;Laurea;1987;M;1803
2016;Laurea Magistrale;1987;M;2309
2016;Laurea Magistrale Ciclo Unico;1987;M;860
2016;Laurea;1988;F;2616
2016;Laurea Magistrale;1988;F;4229
2016;Laurea Magistrale Ciclo Unico;1988;F;1905
2016;Vecchio Ordinamento;1988;F;82
2016;Laurea;1988;M;2539
2016;Laurea Magistrale;1988;M;3847
2016;Laurea Magistrale Ciclo Unico;1988;M;1294
2016;Vecchio Ordinamento;1988;M;3
2016;Laurea;1989;F;3753
2016;Laurea Magistrale;1989;F;6792
2016;Laurea Magistrale Ciclo Unico;1989;F;2777
2016;Vecchio Ordinamento;1989;F;143
2016;Laurea;1989;M;3500
2016;Laurea Magistrale;1989;M;5634
2016;Laurea Magistrale Ciclo Unico;1989;M;1813
2016;Vecchio Ordinamento;1989;M;5
2016;Laurea;1990;F;5662
2016;Laurea Magistrale;1990;F;10730
2016;Laurea Magistrale Ciclo Unico;1990;F;4613
2016;Vecchio Ordinamento;1990;F;134
2016;Laurea;1990;M;5312
2016;Laurea Magistrale;1990;M;7928
2016;Laurea Magistrale Ciclo Unico;1990;M;2712
2016;Vecchio Ordinamento;1990;M;5
2016;Laurea;1991;F;8933
2016;Laurea Magistrale;1991;F;12100
2016;Laurea Magistrale Ciclo Unico;1991;F;6167
2016;Vecchio Ordinamento;1991;F;168
2016;Laurea;1991;M;7732
2016;Laurea Magistrale;1991;M;8719
2016;Laurea Magistrale Ciclo Unico;1991;M;3385
2016;Vecchio Ordinamento;1991;M;3
2016;Laurea;1992;F;15949
2016;Laurea Magistrale;1992;F;7441
2016;Laurea Magistrale Ciclo Unico;1992;F;3370
2016;Vecchio Ordinamento;1992;F;6
2016;Laurea;1992;M;12091
2016;Laurea Magistrale;1992;M;4979
2016;Laurea Magistrale Ciclo Unico;1992;M;1422
2016;Laurea;1993;F;27716
2016;Laurea Magistrale;1993;F;559
2016;Laurea Magistrale Ciclo Unico;1993;F;354
2016;Laurea;1993;M;17477
2016;Laurea Magistrale;1993;M;359
2016;Laurea Magistrale Ciclo Unico;1993;M;180
2016;Laurea;1994 e successivi;F;27103
2016;Laurea Magistrale;1994 e successivi;F;8
2016;Laurea Magistrale Ciclo Unico;1994 e successivi;F;2
2016;Laurea;1994 e successivi;M;17297
2016;Laurea Magistrale;1994 e successivi;M;10
2016;Laurea Magistrale Ciclo Unico;1994 e successivi;M;1
2015;Laurea;1975 e precedenti;F;3157
2015;Laurea Magistrale;1975 e precedenti;F;1988
2015;Laurea Magistrale Ciclo Unico;1975 e precedenti;F;332
2015;Vecchio Ordinamento;1975 e precedenti;F;1060
2015;Laurea;1975 e precedenti;M;3013
2015;Laurea Magistrale;1975 e precedenti;M;1442
2015;Laurea Magistrale Ciclo Unico;1975 e precedenti;M;739
2015;Vecchio Ordinamento;1975 e precedenti;M;575
2015;Laurea;1976;F;296
2015;Laurea Magistrale;1976;F;161
2015;Laurea Magistrale Ciclo Unico;1976;F;52
2015;Vecchio Ordinamento;1976;F;158
2015;Laurea;1976;M;248
2015;Laurea Magistrale;1976;M;113
2015;Laurea Magistrale Ciclo Unico;1976;M;57
2015;Vecchio Ordinamento;1976;M;81
2015;Laurea;1977;F;312
2015;Laurea Magistrale;1977;F;156
2015;Laurea Magistrale Ciclo Unico;1977;F;56
2015;Vecchio Ordinamento;1977;F;168
2015;Laurea;1977;M;330
2015;Laurea Magistrale;1977;M;123
2015;Laurea Magistrale Ciclo Unico;1977;M;60
2015;Vecchio Ordinamento;1977;M;64
2015;Laurea;1978;F;308
2015;Laurea Magistrale;1978;F;173
2015;Laurea Magistrale Ciclo Unico;1978;F;54
2015;Vecchio Ordinamento;1978;F;210
2015;Laurea;1978;M;311
2015;Laurea Magistrale;1978;M;133
2015;Laurea Magistrale Ciclo Unico;1978;M;73
2015;Vecchio Ordinamento;1978;M;76
2015;Laurea;1979;F;357
2015;Laurea Magistrale;1979;F;207
2015;Laurea Magistrale Ciclo Unico;1979;F;72
2015;Vecchio Ordinamento;1979;F;224
2015;Laurea;1979;M;339
2015;Laurea Magistrale;1979;M;150
2015;Laurea Magistrale Ciclo Unico;1979;M;83
2015;Vecchio Ordinamento;1979;M;83
2015;Laurea;1980;F;403
2015;Laurea Magistrale;1980;F;259
2015;Laurea Magistrale Ciclo Unico;1980;F;71
2015;Vecchio Ordinamento;1980;F;229
2015;Laurea;1980;M;369
2015;Laurea Magistrale;1980;M;228
2015;Laurea Magistrale Ciclo Unico;1980;M;99
2015;Vecchio Ordinamento;1980;M;91
2015;Laurea;1981;F;502
2015;Laurea Magistrale;1981;F;366
2015;Laurea Magistrale Ciclo Unico;1981;F;138
2015;Vecchio Ordinamento;1981;F;266
2015;Laurea;1981;M;470
2015;Laurea Magistrale;1981;M;302
2015;Laurea Magistrale Ciclo Unico;1981;M;153
2015;Vecchio Ordinamento;1981;M;92
2015;Laurea;1982;F;660
2015;Laurea Magistrale;1982;F;624
2015;Laurea Magistrale Ciclo Unico;1982;F;248
2015;Vecchio Ordinamento;1982;F;116
2015;Laurea;1982;M;590
2015;Laurea Magistrale;1982;M;491
2015;Laurea Magistrale Ciclo Unico;1982;M;215
2015;Vecchio Ordinamento;1982;M;30
2015;Laurea;1983;F;859
2015;Laurea Magistrale;1983;F;864
2015;Laurea Magistrale Ciclo Unico;1983;F;394
2015;Vecchio Ordinamento;1983;F;105
2015;Laurea;1983;M;708
2015;Laurea Magistrale;1983;M;686
2015;Laurea Magistrale Ciclo Unico;1983;M;303
2015;Vecchio Ordinamento;1983;M;3
2015;Laurea;1984;F;1072
2015;Laurea Magistrale;1984;F;1227
2015;Laurea Magistrale Ciclo Unico;1984;F;550
2015;Vecchio Ordinamento;1984;F;83
2015;Laurea;1984;M;953
2015;Laurea Magistrale;1984;M;995
2015;Laurea Magistrale Ciclo Unico;1984;M;461
2015;Vecchio Ordinamento;1984;M;6
2015;Laurea;1985;F;1429
2015;Laurea Magistrale;1985;F;1633
2015;Laurea Magistrale Ciclo Unico;1985;F;830
2015;Vecchio Ordinamento;1985;F;105
2015;Laurea;1985;M;1233
2015;Laurea Magistrale;1985;M;1478
2015;Laurea Magistrale Ciclo Unico;1985;M;627
2015;Vecchio Ordinamento;1985;M;8
2015;Laurea;1986;F;1905
2015;Laurea Magistrale;1986;F;2526
2015;Laurea Magistrale Ciclo Unico;1986;F;1155
2015;Vecchio Ordinamento;1986;F;115
2015;Laurea;1986;M;1812
2015;Laurea Magistrale;1986;M;2251
2015;Laurea Magistrale Ciclo Unico;1986;M;846
2015;Vecchio Ordinamento;1986;M;8
2015;Laurea;1987;F;2754
2015;Laurea Magistrale;1987;F;3984
2015;Laurea Magistrale Ciclo Unico;1987;F;1781
2015;Vecchio Ordinamento;1987;F;127
2015;Laurea;1987;M;2412
2015;Laurea Magistrale;1987;M;3451
2015;Laurea Magistrale Ciclo Unico;1987;M;1236
2015;Vecchio Ordinamento;1987;M;3
2015;Laurea;1988;F;3850
2015;Laurea Magistrale;1988;F;6721
2015;Laurea Magistrale Ciclo Unico;1988;F;2845
2015;Vecchio Ordinamento;1988;F;202
2015;Laurea;1988;M;3668
2015;Laurea Magistrale;1988;M;5645
2015;Laurea Magistrale Ciclo Unico;1988;M;1757
2015;Vecchio Ordinamento;1988;M;7
2015;Laurea;1989;F;5799
2015;Laurea Magistrale;1989;F;10624
2015;Laurea Magistrale Ciclo Unico;1989;F;4141
2015;Vecchio Ordinamento;1989;F;278
2015;Laurea;1989;M;5187
2015;Laurea Magistrale;1989;M;7804
2015;Laurea Magistrale Ciclo Unico;1989;M;2372
2015;Vecchio Ordinamento;1989;M;8
2015;Laurea;1990;F;9080
2015;Laurea Magistrale;1990;F;11558
2015;Laurea Magistrale Ciclo Unico;1990;F;5744
2015;Vecchio Ordinamento;1990;F;392
2015;Laurea;1990;M;7628
2015;Laurea Magistrale;1990;M;8434
2015;Laurea Magistrale Ciclo Unico;1990;M;3245
2015;Vecchio Ordinamento;1990;M;4
2015;Laurea;1991;F;15719
2015;Laurea Magistrale;1991;F;6848
2015;Laurea Magistrale Ciclo Unico;1991;F;2640
2015;Vecchio Ordinamento;1991;F;459
2015;Laurea;1991;M;11598
2015;Laurea Magistrale;1991;M;4490
2015;Laurea Magistrale Ciclo Unico;1991;M;1387
2015;Vecchio Ordinamento;1991;M;10
2015;Laurea;1992;F;27840
2015;Laurea Magistrale;1992;F;601
2015;Laurea Magistrale Ciclo Unico;1992;F;321
2015;Vecchio Ordinamento;1992;F;16
2015;Laurea;1992;M;17023
2015;Laurea Magistrale;1992;M;384
2015;Laurea Magistrale Ciclo Unico;1992;M;168
2015;Laurea;1993 e successivi;F;25494
2015;Laurea Magistrale;1993 e successivi;F;18
2015;Laurea Magistrale Ciclo Unico;1993 e successivi;F;7
2015;Laurea;1993 e successivi;M;15603
2015;Laurea Magistrale;1993 e successivi;M;6
2015;Laurea Magistrale Ciclo Unico;1993 e successivi;M;3
2014;Laurea;1974 e precedenti;F;3689
2014;Laurea Magistrale;1974 e precedenti;F;2144
2014;Laurea Magistrale Ciclo Unico;1974 e precedenti;F;375
2014;Vecchio Ordinamento;1974 e precedenti;F;1265
2014;Laurea;1974 e precedenti;M;3263
2014;Laurea Magistrale;1974 e precedenti;M;1425
2014;Laurea Magistrale Ciclo Unico;1974 e precedenti;M;872
2014;Vecchio Ordinamento;1974 e precedenti;M;703
2014;Laurea;1975;F;312
2014;Laurea Magistrale;1975;F;165
2014;Laurea Magistrale Ciclo Unico;1975;F;44
2014;Vecchio Ordinamento;1975;F;217
2014;Laurea;1975;M;327
2014;Laurea Magistrale;1975;M;131
2014;Laurea Magistrale Ciclo Unico;1975;M;81
2014;Vecchio Ordinamento;1975;M;83
2014;Laurea;1976;F;357
2014;Laurea Magistrale;1976;F;191
2014;Laurea Magistrale Ciclo Unico;1976;F;58
2014;Vecchio Ordinamento;1976;F;268
2014;Laurea;1976;M;310
2014;Laurea Magistrale;1976;M;126
2014;Laurea Magistrale Ciclo Unico;1976;M;72
2014;Vecchio Ordinamento;1976;M;88
2014;Laurea;1977;F;380
2014;Laurea Magistrale;1977;F;201
2014;Laurea Magistrale Ciclo Unico;1977;F;65
2014;Vecchio Ordinamento;1977;F;312
2014;Laurea;1977;M;335
2014;Laurea Magistrale;1977;M;131
2014;Laurea Magistrale Ciclo Unico;1977;M;73
2014;Vecchio Ordinamento;1977;M;119
2014;Laurea;1978;F;378
2014;Laurea Magistrale;1978;F;217
2014;Laurea Magistrale Ciclo Unico;1978;F;78
2014;Vecchio Ordinamento;1978;F;331
2014;Laurea;1978;M;376
2014;Laurea Magistrale;1978;M;171
2014;Laurea Magistrale Ciclo Unico;1978;M;95
2014;Vecchio Ordinamento;1978;M;112
2014;Laurea;1979;F;494
2014;Laurea Magistrale;1979;F;274
2014;Laurea Magistrale Ciclo Unico;1979;F;91
2014;Vecchio Ordinamento;1979;F;370
2014;Laurea;1979;M;384
2014;Laurea Magistrale;1979;M;201
2014;Laurea Magistrale Ciclo Unico;1979;M;94
2014;Vecchio Ordinamento;1979;M;133
2014;Laurea;1980;F;521
2014;Laurea Magistrale;1980;F;319
2014;Laurea Magistrale Ciclo Unico;1980;F;98
2014;Vecchio Ordinamento;1980;F;389
2014;Laurea;1980;M;500
2014;Laurea Magistrale;1980;M;270
2014;Laurea Magistrale Ciclo Unico;1980;M;146
2014;Vecchio Ordinamento;1980;M;145
2014;Laurea;1981;F;700
2014;Laurea Magistrale;1981;F;508
2014;Laurea Magistrale Ciclo Unico;1981;F;173
2014;Vecchio Ordinamento;1981;F;411
2014;Laurea;1981;M;618
2014;Laurea Magistrale;1981;M;402
2014;Laurea Magistrale Ciclo Unico;1981;M;162
2014;Vecchio Ordinamento;1981;M;126
2014;Laurea;1982;F;886
2014;Laurea Magistrale;1982;F;835
2014;Laurea Magistrale Ciclo Unico;1982;F;308
2014;Vecchio Ordinamento;1982;F;245
2014;Laurea;1982;M;810
2014;Laurea Magistrale;1982;M;790
2014;Laurea Magistrale Ciclo Unico;1982;M;251
2014;Vecchio Ordinamento;1982;M;37
2014;Laurea;1983;F;1161
2014;Laurea Magistrale;1983;F;1235
2014;Laurea Magistrale Ciclo Unico;1983;F;566
2014;Vecchio Ordinamento;1983;F;199
2014;Laurea;1983;M;980
2014;Laurea Magistrale;1983;M;1006
2014;Laurea Magistrale Ciclo Unico;1983;M;405
2014;Vecchio Ordinamento;1983;M;15
2014;Laurea;1984;F;1484
2014;Laurea Magistrale;1984;F;1825
2014;Laurea Magistrale Ciclo Unico;1984;F;834
2014;Vecchio Ordinamento;1984;F;192
2014;Laurea;1984;M;1403
2014;Laurea Magistrale;1984;M;1544
2014;Laurea Magistrale Ciclo Unico;1984;M;561
2014;Vecchio Ordinamento;1984;M;12
2014;Laurea;1985;F;2185
2014;Laurea Magistrale;1985;F;2746
2014;Laurea Magistrale Ciclo Unico;1985;F;1167
2014;Vecchio Ordinamento;1985;F;202
2014;Laurea;1985;M;1902
2014;Laurea Magistrale;1985;M;2381
2014;Laurea Magistrale Ciclo Unico;1985;M;846
2014;Vecchio Ordinamento;1985;M;13
2014;Laurea;1986;F;2769
2014;Laurea Magistrale;1986;F;4002
2014;Laurea Magistrale Ciclo Unico;1986;F;1635
2014;Vecchio Ordinamento;1986;F;203
2014;Laurea;1986;M;2642
2014;Laurea Magistrale;1986;M;3550
2014;Laurea Magistrale Ciclo Unico;1986;M;1127
2014;Vecchio Ordinamento;1986;M;16
2014;Laurea;1987;F;4163
2014;Laurea Magistrale;1987;F;6471
2014;Laurea Magistrale Ciclo Unico;1987;F;2583
2014;Vecchio Ordinamento;1987;F;265
2014;Laurea;1987;M;3573
2014;Laurea Magistrale;1987;M;5237
2014;Laurea Magistrale Ciclo Unico;1987;M;1621
2014;Vecchio Ordinamento;1987;M;6
2014;Laurea;1988;F;6158
2014;Laurea Magistrale;1988;F;10541
2014;Laurea Magistrale Ciclo Unico;1988;F;3961
2014;Vecchio Ordinamento;1988;F;335
2014;Laurea;1988;M;5272
2014;Laurea Magistrale;1988;M;7749
2014;Laurea Magistrale Ciclo Unico;1988;M;2327
2014;Vecchio Ordinamento;1988;M;13
2014;Laurea;1989;F;9250
2014;Laurea Magistrale;1989;F;11753
2014;Laurea Magistrale Ciclo Unico;1989;F;5281
2014;Vecchio Ordinamento;1989;F;530
2014;Laurea;1989;M;7817
2014;Laurea Magistrale;1989;M;8076
2014;Laurea Magistrale Ciclo Unico;1989;M;2867
2014;Vecchio Ordinamento;1989;M;8
2014;Laurea;1990;F;16216
2014;Laurea Magistrale;1990;F;6847
2014;Laurea Magistrale Ciclo Unico;1990;F;2694
2014;Vecchio Ordinamento;1990;F;821
2014;Laurea;1990;M;11735
2014;Laurea Magistrale;1990;M;4377
2014;Laurea Magistrale Ciclo Unico;1990;M;1248
2014;Vecchio Ordinamento;1990;M;18
2014;Laurea;1991;F;27459
2014;Laurea Magistrale;1991;F;456
2014;Laurea Magistrale Ciclo Unico;1991;F;306
2014;Vecchio Ordinamento;1991;F;577
2014;Laurea;1991;M;16284
2014;Laurea Magistrale;1991;M;316
2014;Laurea Magistrale Ciclo Unico;1991;M;147
2014;Vecchio Ordinamento;1991;M;10
2014;Laurea;1992 e successivi;F;25298
2014;Laurea Magistrale;1992 e successivi;F;13
2014;Laurea Magistrale Ciclo Unico;1992 e successivi;F;5
2014;Vecchio Ordinamento;1992 e successivi;F;16
2014;Laurea;1992 e successivi;M;14987
2014;Laurea Magistrale;1992 e successivi;M;10
2014;Laurea Magistrale Ciclo Unico;1992 e successivi;M;4
2014;Vecchio Ordinamento;1992 e successivi;M;1
2013;Laurea;1973 e precedenti;F;4103
2013;Laurea Magistrale;1973 e precedenti;F;2118
2013;Laurea Magistrale Ciclo Unico;1973 e precedenti;F;304
2013;Vecchio Ordinamento;1973 e precedenti;F;1325
2013;Laurea;1973 e precedenti;M;3586
2013;Laurea Magistrale;1973 e precedenti;M;1626
2013;Laurea Magistrale Ciclo Unico;1973 e precedenti;M;802
2013;Vecchio Ordinamento;1973 e precedenti;M;712
2013;Laurea;1974;F;365
2013;Laurea Magistrale;1974;F;190
2013;Laurea Magistrale Ciclo Unico;1974;F;28
2013;Vecchio Ordinamento;1974;F;216
2013;Laurea;1974;M;323
2013;Laurea Magistrale;1974;M;105
2013;Laurea Magistrale Ciclo Unico;1974;M;70
2013;Vecchio Ordinamento;1974;M;109
2013;Laurea;1975;F;364
2013;Laurea Magistrale;1975;F;186
2013;Laurea Magistrale Ciclo Unico;1975;F;46
2013;Vecchio Ordinamento;1975;F;255
2013;Laurea;1975;M;374
2013;Laurea Magistrale;1975;M;158
2013;Laurea Magistrale Ciclo Unico;1975;M;68
2013;Vecchio Ordinamento;1975;M;119
2013;Laurea;1976;F;417
2013;Laurea Magistrale;1976;F;206
2013;Laurea Magistrale Ciclo Unico;1976;F;52
2013;Vecchio Ordinamento;1976;F;289
2013;Laurea;1976;M;406
2013;Laurea Magistrale;1976;M;145
2013;Laurea Magistrale Ciclo Unico;1976;M;84
2013;Vecchio Ordinamento;1976;M;125
2013;Laurea;1977;F;418
2013;Laurea Magistrale;1977;F;237
2013;Laurea Magistrale Ciclo Unico;1977;F;72
2013;Vecchio Ordinamento;1977;F;314
2013;Laurea;1977;M;387
2013;Laurea Magistrale;1977;M;154
2013;Laurea Magistrale Ciclo Unico;1977;M;100
2013;Vecchio Ordinamento;1977;M;148
2013;Laurea;1978;F;523
2013;Laurea Magistrale;1978;F;257
2013;Laurea Magistrale Ciclo Unico;1978;F;80
2013;Vecchio Ordinamento;1978;F;424
2013;Laurea;1978;M;471
2013;Laurea Magistrale;1978;M;216
2013;Laurea Magistrale Ciclo Unico;1978;M;111
2013;Vecchio Ordinamento;1978;M;175
2013;Laurea;1979;F;577
2013;Laurea Magistrale;1979;F;334
2013;Laurea Magistrale Ciclo Unico;1979;F;98
2013;Vecchio Ordinamento;1979;F;394
2013;Laurea;1979;M;491
2013;Laurea Magistrale;1979;M;274
2013;Laurea Magistrale Ciclo Unico;1979;M;107
2013;Vecchio Ordinamento;1979;M;172
2013;Laurea;1980;F;670
2013;Laurea Magistrale;1980;F;396
2013;Laurea Magistrale Ciclo Unico;1980;F;144
2013;Vecchio Ordinamento;1980;F;485
2013;Laurea;1980;M;618
2013;Laurea Magistrale;1980;M;333
2013;Laurea Magistrale Ciclo Unico;1980;M;127
2013;Vecchio Ordinamento;1980;M;222
2013;Laurea;1981;F;826
2013;Laurea Magistrale;1981;F;663
2013;Laurea Magistrale Ciclo Unico;1981;F;215
2013;Vecchio Ordinamento;1981;F;493
2013;Laurea;1981;M;782
2013;Laurea Magistrale;1981;M;576
2013;Laurea Magistrale Ciclo Unico;1981;M;207
2013;Vecchio Ordinamento;1981;M;207
2013;Laurea;1982;F;1264
2013;Laurea Magistrale;1982;F;1328
2013;Laurea Magistrale Ciclo Unico;1982;F;450
2013;Vecchio Ordinamento;1982;F;244
2013;Laurea;1982;M;1058
2013;Laurea Magistrale;1982;M;1064
2013;Laurea Magistrale Ciclo Unico;1982;M;327
2013;Vecchio Ordinamento;1982;M;70
2013;Laurea;1983;F;1624
2013;Laurea Magistrale;1983;F;1983
2013;Laurea Magistrale Ciclo Unico;1983;F;667
2013;Vecchio Ordinamento;1983;F;191
2013;Laurea;1983;M;1454
2013;Laurea Magistrale;1983;M;1656
2013;Laurea Magistrale Ciclo Unico;1983;M;514
2013;Vecchio Ordinamento;1983;M;14
2013;Laurea;1984;F;2289
2013;Laurea Magistrale;1984;F;2844
2013;Laurea Magistrale Ciclo Unico;1984;F;1096
2013;Vecchio Ordinamento;1984;F;193
2013;Laurea;1984;M;2025
2013;Laurea Magistrale;1984;M;2536
2013;Laurea Magistrale Ciclo Unico;1984;M;790
2013;Vecchio Ordinamento;1984;M;16
2013;Laurea;1985;F;3062
2013;Laurea Magistrale;1985;F;4339
2013;Laurea Magistrale Ciclo Unico;1985;F;1665
2013;Vecchio Ordinamento;1985;F;205
2013;Laurea;1985;M;2677
2013;Laurea Magistrale;1985;M;3720
2013;Laurea Magistrale Ciclo Unico;1985;M;1083
2013;Vecchio Ordinamento;1985;M;12
2013;Laurea;1986;F;4201
2013;Laurea Magistrale;1986;F;6658
2013;Laurea Magistrale Ciclo Unico;1986;F;2487
2013;Vecchio Ordinamento;1986;F;216
2013;Laurea;1986;M;3718
2013;Laurea Magistrale;1986;M;5301
2013;Laurea Magistrale Ciclo Unico;1986;M;1558
2013;Vecchio Ordinamento;1986;M;18
2013;Laurea;1987;F;6079
2013;Laurea Magistrale;1987;F;10112
2013;Laurea Magistrale Ciclo Unico;1987;F;3767
2013;Vecchio Ordinamento;1987;F;309
2013;Laurea;1987;M;5216
2013;Laurea Magistrale;1987;M;7177
2013;Laurea Magistrale Ciclo Unico;1987;M;2332
2013;Vecchio Ordinamento;1987;M;16
2013;Laurea;1988;F;9946
2013;Laurea Magistrale;1988;F;11627
2013;Laurea Magistrale Ciclo Unico;1988;F;5397
2013;Vecchio Ordinamento;1988;F;494
2013;Laurea;1988;M;7954
2013;Laurea Magistrale;1988;M;8107
2013;Laurea Magistrale Ciclo Unico;1988;M;3024
2013;Vecchio Ordinamento;1988;M;14
2013;Laurea;1989;F;16044
2013;Laurea Magistrale;1989;F;6486
2013;Laurea Magistrale Ciclo Unico;1989;F;2623
2013;Vecchio Ordinamento;1989;F;907
2013;Laurea;1989;M;11406
2013;Laurea Magistrale;1989;M;4287
2013;Laurea Magistrale Ciclo Unico;1989;M;1276
2013;Vecchio Ordinamento;1989;M;14
2013;Laurea;1990;F;27603
2013;Laurea Magistrale;1990;F;481
2013;Laurea Magistrale Ciclo Unico;1990;F;289
2013;Vecchio Ordinamento;1990;F;510
2013;Laurea;1990;M;16153
2013;Laurea Magistrale;1990;M;346
2013;Laurea Magistrale Ciclo Unico;1990;M;198
2013;Vecchio Ordinamento;1990;M;7
2013;Laurea;1991 e successivi;F;24126
2013;Laurea Magistrale;1991 e successivi;F;8
2013;Laurea Magistrale Ciclo Unico;1991 e successivi;F;7
2013;Vecchio Ordinamento;1991 e successivi;F;21
2013;Laurea;1991 e successivi;M;14142
2013;Laurea Magistrale;1991 e successivi;M;8
2013;Laurea Magistrale Ciclo Unico;1991 e successivi;M;1
2012;Laurea;1972 e precedenti;F;4259
2012;Laurea Magistrale;1972 e precedenti;F;2080
2012;Laurea Magistrale Ciclo Unico;1972 e precedenti;F;244
2012;Vecchio Ordinamento;1972 e precedenti;F;1353
2012;Laurea;1972 e precedenti;M;3603
2012;Laurea Magistrale;1972 e precedenti;M;1605
2012;Laurea Magistrale Ciclo Unico;1972 e precedenti;M;1031
2012;Vecchio Ordinamento;1972 e precedenti;M;778
2012;Laurea;1973;F;332
2012;Laurea Magistrale;1973;F;165
2012;Laurea Magistrale Ciclo Unico;1973;F;36
2012;Vecchio Ordinamento;1973;F;269
2012;Laurea;1973;M;329
2012;Laurea Magistrale;1973;M;116
2012;Laurea Magistrale Ciclo Unico;1973;M;89
2012;Vecchio Ordinamento;1973;M;131
2012;Laurea;1974;F;429
2012;Laurea Magistrale;1974;F;163
2012;Laurea Magistrale Ciclo Unico;1974;F;41
2012;Vecchio Ordinamento;1974;F;301
2012;Laurea;1974;M;382
2012;Laurea Magistrale;1974;M;132
2012;Laurea Magistrale Ciclo Unico;1974;M;78
2012;Vecchio Ordinamento;1974;M;132
2012;Laurea;1975;F;415
2012;Laurea Magistrale;1975;F;178
2012;Laurea Magistrale Ciclo Unico;1975;F;49
2012;Vecchio Ordinamento;1975;F;340
2012;Laurea;1975;M;400
2012;Laurea Magistrale;1975;M;162
2012;Laurea Magistrale Ciclo Unico;1975;M;69
2012;Vecchio Ordinamento;1975;M;171
2012;Laurea;1976;F;496
2012;Laurea Magistrale;1976;F;223
2012;Laurea Magistrale Ciclo Unico;1976;F;65
2012;Vecchio Ordinamento;1976;F;410
2012;Laurea;1976;M;449
2012;Laurea Magistrale;1976;M;168
2012;Laurea Magistrale Ciclo Unico;1976;M;92
2012;Vecchio Ordinamento;1976;M;202
2012;Laurea;1977;F;543
2012;Laurea Magistrale;1977;F;232
2012;Laurea Magistrale Ciclo Unico;1977;F;72
2012;Vecchio Ordinamento;1977;F;481
2012;Laurea;1977;M;492
2012;Laurea Magistrale;1977;M;221
2012;Laurea Magistrale Ciclo Unico;1977;M;80
2012;Vecchio Ordinamento;1977;M;241
2012;Laurea;1978;F;591
2012;Laurea Magistrale;1978;F;280
2012;Laurea Magistrale Ciclo Unico;1978;F;98
2012;Vecchio Ordinamento;1978;F;508
2012;Laurea;1978;M;540
2012;Laurea Magistrale;1978;M;260
2012;Laurea Magistrale Ciclo Unico;1978;M;99
2012;Vecchio Ordinamento;1978;M;248
2012;Laurea;1979;F;657
2012;Laurea Magistrale;1979;F;366
2012;Laurea Magistrale Ciclo Unico;1979;F;134
2012;Vecchio Ordinamento;1979;F;616
2012;Laurea;1979;M;618
2012;Laurea Magistrale;1979;M;332
2012;Laurea Magistrale Ciclo Unico;1979;M;109
2012;Vecchio Ordinamento;1979;M;322
2012;Laurea;1980;F;796
2012;Laurea Magistrale;1980;F;547
2012;Laurea Magistrale Ciclo Unico;1980;F;164
2012;Vecchio Ordinamento;1980;F;668
2012;Laurea;1980;M;789
2012;Laurea Magistrale;1980;M;501
2012;Laurea Magistrale Ciclo Unico;1980;M;157
2012;Vecchio Ordinamento;1980;M;295
2012;Laurea;1981;F;1096
2012;Laurea Magistrale;1981;F;929
2012;Laurea Magistrale Ciclo Unico;1981;F;300
2012;Vecchio Ordinamento;1981;F;705
2012;Laurea;1981;M;984
2012;Laurea Magistrale;1981;M;832
2012;Laurea Magistrale Ciclo Unico;1981;M;231
2012;Vecchio Ordinamento;1981;M;300
2012;Laurea;1982;F;1591
2012;Laurea Magistrale;1982;F;2044
2012;Laurea Magistrale Ciclo Unico;1982;F;557
2012;Vecchio Ordinamento;1982;F;300
2012;Laurea;1982;M;1450
2012;Laurea Magistrale;1982;M;1662
2012;Laurea Magistrale Ciclo Unico;1982;M;440
2012;Vecchio Ordinamento;1982;M;81
2012;Laurea;1983;F;2198
2012;Laurea Magistrale;1983;F;3011
2012;Laurea Magistrale Ciclo Unico;1983;F;903
2012;Vecchio Ordinamento;1983;F;240
2012;Laurea;1983;M;2019
2012;Laurea Magistrale;1983;M;2499
2012;Laurea Magistrale Ciclo Unico;1983;M;657
2012;Vecchio Ordinamento;1983;M;20
2012;Laurea;1984;F;3098
2012;Laurea Magistrale;1984;F;4693
2012;Laurea Magistrale Ciclo Unico;1984;F;1472
2012;Vecchio Ordinamento;1984;F;215
2012;Laurea;1984;M;2717
2012;Laurea Magistrale;1984;M;3822
2012;Laurea Magistrale Ciclo Unico;1984;M;979
2012;Vecchio Ordinamento;1984;M;19
2012;Laurea;1985;F;4216
2012;Laurea Magistrale;1985;F;7165
2012;Laurea Magistrale Ciclo Unico;1985;F;2387
2012;Vecchio Ordinamento;1985;F;238
2012;Laurea;1985;M;3776
2012;Laurea Magistrale;1985;M;5542
2012;Laurea Magistrale Ciclo Unico;1985;M;1518
2012;Vecchio Ordinamento;1985;M;23
2012;Laurea;1986;F;6237
2012;Laurea Magistrale;1986;F;10103
2012;Laurea Magistrale Ciclo Unico;1986;F;3482
2012;Vecchio Ordinamento;1986;F;279
2012;Laurea;1986;M;5147
2012;Laurea Magistrale;1986;M;7270
2012;Laurea Magistrale Ciclo Unico;1986;M;2065
2012;Vecchio Ordinamento;1986;M;27
2012;Laurea;1987;F;9145
2012;Laurea Magistrale;1987;F;11167
2012;Laurea Magistrale Ciclo Unico;1987;F;4862
2012;Vecchio Ordinamento;1987;F;453
2012;Laurea;1987;M;7346
2012;Laurea Magistrale;1987;M;7650
2012;Laurea Magistrale Ciclo Unico;1987;M;2862
2012;Vecchio Ordinamento;1987;M;18
2012;Laurea;1988;F;15977
2012;Laurea Magistrale;1988;F;6652
2012;Laurea Magistrale Ciclo Unico;1988;F;2635
2012;Vecchio Ordinamento;1988;F;852
2012;Laurea;1988;M;11287
2012;Laurea Magistrale;1988;M;4305
2012;Laurea Magistrale Ciclo Unico;1988;M;1442
2012;Vecchio Ordinamento;1988;M;19
2012;Laurea;1989;F;26671
2012;Laurea Magistrale;1989;F;510
2012;Laurea Magistrale Ciclo Unico;1989;F;327
2012;Vecchio Ordinamento;1989;F;600
2012;Laurea;1989;M;15366
2012;Laurea Magistrale;1989;M;364
2012;Laurea Magistrale Ciclo Unico;1989;M;202
2012;Vecchio Ordinamento;1989;M;6
2012;Laurea;1990 e successivi;F;22954
2012;Laurea Magistrale;1990 e successivi;F;11
2012;Laurea Magistrale Ciclo Unico;1990 e successivi;F;6
2012;Vecchio Ordinamento;1990 e successivi;F;23
2012;Laurea;1990 e successivi;M;13410
2012;Laurea Magistrale;1990 e successivi;M;13
2012;Laurea Magistrale Ciclo Unico;1990 e successivi;M;5
2011;Laurea;1971 e precedenti;F;4885
2011;Laurea Magistrale;1971 e precedenti;F;2180
2011;Laurea Magistrale Ciclo Unico;1971 e precedenti;F;218
2011;Vecchio Ordinamento;1971 e precedenti;F;1439
2011;Laurea;1971 e precedenti;M;4076
2011;Laurea Magistrale;1971 e precedenti;M;1836
2011;Laurea Magistrale Ciclo Unico;1971 e precedenti;M;1083
2011;Vecchio Ordinamento;1971 e precedenti;M;927
2011;Laurea;1972;F;448
2011;Laurea Magistrale;1972;F;159
2011;Laurea Magistrale Ciclo Unico;1972;F;26
2011;Vecchio Ordinamento;1972;F;290
2011;Laurea;1972;M;356
2011;Laurea Magistrale;1972;M;145
2011;Laurea Magistrale Ciclo Unico;1972;M;76
2011;Vecchio Ordinamento;1972;M;136
2011;Laurea;1973;F;441
2011;Laurea Magistrale;1973;F;166
2011;Laurea Magistrale Ciclo Unico;1973;F;31
2011;Vecchio Ordinamento;1973;F;340
2011;Laurea;1973;M;404
2011;Laurea Magistrale;1973;M;143
2011;Laurea Magistrale Ciclo Unico;1973;M;100
2011;Vecchio Ordinamento;1973;M;164
2011;Laurea;1974;F;547
2011;Laurea Magistrale;1974;F;184
2011;Laurea Magistrale Ciclo Unico;1974;F;38
2011;Vecchio Ordinamento;1974;F;407
2011;Laurea;1974;M;431
2011;Laurea Magistrale;1974;M;161
2011;Laurea Magistrale Ciclo Unico;1974;M;83
2011;Vecchio Ordinamento;1974;M;192
2011;Laurea;1975;F;596
2011;Laurea Magistrale;1975;F;216
2011;Laurea Magistrale Ciclo Unico;1975;F;42
2011;Vecchio Ordinamento;1975;F;464
2011;Laurea;1975;M;498
2011;Laurea Magistrale;1975;M;159
2011;Laurea Magistrale Ciclo Unico;1975;M;86
2011;Vecchio Ordinamento;1975;M;253
2011;Laurea;1976;F;558
2011;Laurea Magistrale;1976;F;214
2011;Laurea Magistrale Ciclo Unico;1976;F;65
2011;Vecchio Ordinamento;1976;F;522
2011;Laurea;1976;M;530
2011;Laurea Magistrale;1976;M;185
2011;Laurea Magistrale Ciclo Unico;1976;M;74
2011;Vecchio Ordinamento;1976;M;296
2011;Laurea;1977;F;564
2011;Laurea Magistrale;1977;F;281
2011;Laurea Magistrale Ciclo Unico;1977;F;71
2011;Vecchio Ordinamento;1977;F;656
2011;Laurea;1977;M;561
2011;Laurea Magistrale;1977;M;212
2011;Laurea Magistrale Ciclo Unico;1977;M;89
2011;Vecchio Ordinamento;1977;M;328
2011;Laurea;1978;F;683
2011;Laurea Magistrale;1978;F;316
2011;Laurea Magistrale Ciclo Unico;1978;F;94
2011;Vecchio Ordinamento;1978;F;748
2011;Laurea;1978;M;613
2011;Laurea Magistrale;1978;M;270
2011;Laurea Magistrale Ciclo Unico;1978;M;111
2011;Vecchio Ordinamento;1978;M;415
2011;Laurea;1979;F;823
2011;Laurea Magistrale;1979;F;409
2011;Laurea Magistrale Ciclo Unico;1979;F;130
2011;Vecchio Ordinamento;1979;F;847
2011;Laurea;1979;M;773
2011;Laurea Magistrale;1979;M;387
2011;Laurea Magistrale Ciclo Unico;1979;M;143
2011;Vecchio Ordinamento;1979;M;465
2011;Laurea;1980;F;973
2011;Laurea Magistrale;1980;F;688
2011;Laurea Magistrale Ciclo Unico;1980;F;210
2011;Vecchio Ordinamento;1980;F;954
2011;Laurea;1980;M;978
2011;Laurea Magistrale;1980;M;644
2011;Laurea Magistrale Ciclo Unico;1980;M;193
2011;Vecchio Ordinamento;1980;M;537
2011;Laurea;1981;F;1398
2011;Laurea Magistrale;1981;F;1270
2011;Laurea Magistrale Ciclo Unico;1981;F;316
2011;Vecchio Ordinamento;1981;F;1043
2011;Laurea;1981;M;1250
2011;Laurea Magistrale;1981;M;1225
2011;Laurea Magistrale Ciclo Unico;1981;M;301
2011;Vecchio Ordinamento;1981;M;493
2011;Laurea;1982;F;2075
2011;Laurea Magistrale;1982;F;2983
2011;Laurea Magistrale Ciclo Unico;1982;F;767
2011;Vecchio Ordinamento;1982;F;437
2011;Laurea;1982;M;1930
2011;Laurea Magistrale;1982;M;2477
2011;Laurea Magistrale Ciclo Unico;1982;M;560
2011;Vecchio Ordinamento;1982;M;123
2011;Laurea;1983;F;3014
2011;Laurea Magistrale;1983;F;4704
2011;Laurea Magistrale Ciclo Unico;1983;F;1285
2011;Vecchio Ordinamento;1983;F;282
2011;Laurea;1983;M;2781
2011;Laurea Magistrale;1983;M;3849
2011;Laurea Magistrale Ciclo Unico;1983;M;870
2011;Vecchio Ordinamento;1983;M;20
2011;Laurea;1984;F;4158
2011;Laurea Magistrale;1984;F;7350
2011;Laurea Magistrale Ciclo Unico;1984;F;2074
2011;Vecchio Ordinamento;1984;F;272
2011;Laurea;1984;M;3790
2011;Laurea Magistrale;1984;M;5600
2011;Laurea Magistrale Ciclo Unico;1984;M;1346
2011;Vecchio Ordinamento;1984;M;37
2011;Laurea;1985;F;6098
2011;Laurea Magistrale;1985;F;10441
2011;Laurea Magistrale Ciclo Unico;1985;F;3321
2011;Vecchio Ordinamento;1985;F;389
2011;Laurea;1985;M;5227
2011;Laurea Magistrale;1985;M;7267
2011;Laurea Magistrale Ciclo Unico;1985;M;1874
2011;Vecchio Ordinamento;1985;M;39
2011;Laurea;1986;F;9113
2011;Laurea Magistrale;1986;F;11200
2011;Laurea Magistrale Ciclo Unico;1986;F;4435
2011;Vecchio Ordinamento;1986;F;466
2011;Laurea;1986;M;7244
2011;Laurea Magistrale;1986;M;7893
2011;Laurea Magistrale Ciclo Unico;1986;M;2351
2011;Vecchio Ordinamento;1986;M;40
2011;Laurea;1987;F;15057
2011;Laurea Magistrale;1987;F;6035
2011;Laurea Magistrale Ciclo Unico;1987;F;2425
2011;Vecchio Ordinamento;1987;F;800
2011;Laurea;1987;M;10413
2011;Laurea Magistrale;1987;M;4104
2011;Laurea Magistrale Ciclo Unico;1987;M;1304
2011;Vecchio Ordinamento;1987;M;17
2011;Laurea;1988;F;25925
2011;Laurea Magistrale;1988;F;474
2011;Laurea Magistrale Ciclo Unico;1988;F;366
2011;Vecchio Ordinamento;1988;F;626
2011;Laurea;1988;M;15302
2011;Laurea Magistrale;1988;M;351
2011;Laurea Magistrale Ciclo Unico;1988;M;204
2011;Vecchio Ordinamento;1988;M;9
2011;Laurea;1989 e successivi;F;21350
2011;Laurea Magistrale;1989 e successivi;F;9
2011;Laurea Magistrale Ciclo Unico;1989 e successivi;F;4
2011;Vecchio Ordinamento;1989 e successivi;F;25
2011;Laurea;1989 e successivi;M;12549
2011;Laurea Magistrale;1989 e successivi;M;5
2011;Laurea Magistrale Ciclo Unico;1989 e successivi;M;2
2010;Laurea;1970 e precedenti;F;4354
2010;Laurea Magistrale;1970 e precedenti;F;1873
2010;Laurea Magistrale Ciclo Unico;1970 e precedenti;F;143
2010;Vecchio Ordinamento;1970 e precedenti;F;1350
2010;Laurea;1970 e precedenti;M;3978
2010;Laurea Magistrale;1970 e precedenti;M;1668
2010;Laurea Magistrale Ciclo Unico;1970 e precedenti;M;338
2010;Vecchio Ordinamento;1970 e precedenti;M;962
2010;Laurea;1971;F;426
2010;Laurea Magistrale;1971;F;112
2010;Laurea Magistrale Ciclo Unico;1971;F;15
2010;Vecchio Ordinamento;1971;F;257
2010;Laurea;1971;M;339
2010;Laurea Magistrale;1971;M;125
2010;Laurea Magistrale Ciclo Unico;1971;M;22
2010;Vecchio Ordinamento;1971;M;150
2010;Laurea;1972;F;413
2010;Laurea Magistrale;1972;F;158
2010;Laurea Magistrale Ciclo Unico;1972;F;21
2010;Vecchio Ordinamento;1972;F;311
2010;Laurea;1972;M;357
2010;Laurea Magistrale;1972;M;101
2010;Laurea Magistrale Ciclo Unico;1972;M;27
2010;Vecchio Ordinamento;1972;M;210
2010;Laurea;1973;F;457
2010;Laurea Magistrale;1973;F;159
2010;Laurea Magistrale Ciclo Unico;1973;F;27
2010;Vecchio Ordinamento;1973;F;377
2010;Laurea;1973;M;383
2010;Laurea Magistrale;1973;M;143
2010;Laurea Magistrale Ciclo Unico;1973;M;25
2010;Vecchio Ordinamento;1973;M;231
2010;Laurea;1974;F;516
2010;Laurea Magistrale;1974;F;192
2010;Laurea Magistrale Ciclo Unico;1974;F;49
2010;Vecchio Ordinamento;1974;F;446
2010;Laurea;1974;M;447
2010;Laurea Magistrale;1974;M;140
2010;Laurea Magistrale Ciclo Unico;1974;M;32
2010;Vecchio Ordinamento;1974;M;276
2010;Laurea;1975;F;541
2010;Laurea Magistrale;1975;F;191
2010;Laurea Magistrale Ciclo Unico;1975;F;40
2010;Vecchio Ordinamento;1975;F;544
2010;Laurea;1975;M;496
2010;Laurea Magistrale;1975;M;157
2010;Laurea Magistrale Ciclo Unico;1975;M;41
2010;Vecchio Ordinamento;1975;M;334
2010;Laurea;1976;F;625
2010;Laurea Magistrale;1976;F;229
2010;Laurea Magistrale Ciclo Unico;1976;F;71
2010;Vecchio Ordinamento;1976;F;653
2010;Laurea;1976;M;567
2010;Laurea Magistrale;1976;M;202
2010;Laurea Magistrale Ciclo Unico;1976;M;70
2010;Vecchio Ordinamento;1976;M;364
2010;Laurea;1977;F;693
2010;Laurea Magistrale;1977;F;276
2010;Laurea Magistrale Ciclo Unico;1977;F;85
2010;Vecchio Ordinamento;1977;F;828
2010;Laurea;1977;M;663
2010;Laurea Magistrale;1977;M;254
2010;Laurea Magistrale Ciclo Unico;1977;M;74
2010;Vecchio Ordinamento;1977;M;433
2010;Laurea;1978;F;803
2010;Laurea Magistrale;1978;F;346
2010;Laurea Magistrale Ciclo Unico;1978;F;140
2010;Vecchio Ordinamento;1978;F;939
2010;Laurea;1978;M;768
2010;Laurea Magistrale;1978;M;334
2010;Laurea Magistrale Ciclo Unico;1978;M;108
2010;Vecchio Ordinamento;1978;M;558
2010;Laurea;1979;F;983
2010;Laurea Magistrale;1979;F;462
2010;Laurea Magistrale Ciclo Unico;1979;F;212
2010;Vecchio Ordinamento;1979;F;1144
2010;Laurea;1979;M;1021
2010;Laurea Magistrale;1979;M;474
2010;Laurea Magistrale Ciclo Unico;1979;M;153
2010;Vecchio Ordinamento;1979;M;676
2010;Laurea;1980;F;1306
2010;Laurea Magistrale;1980;F;801
2010;Laurea Magistrale Ciclo Unico;1980;F;283
2010;Vecchio Ordinamento;1980;F;1320
2010;Laurea;1980;M;1213
2010;Laurea Magistrale;1980;M;808
2010;Laurea Magistrale Ciclo Unico;1980;M;217
2010;Vecchio Ordinamento;1980;M;823
2010;Laurea;1981;F;1761
2010;Laurea Magistrale;1981;F;1658
2010;Laurea Magistrale Ciclo Unico;1981;F;438
2010;Vecchio Ordinamento;1981;F;1394
2010;Laurea;1981;M;1796
2010;Laurea Magistrale;1981;M;1646
2010;Laurea Magistrale Ciclo Unico;1981;M;382
2010;Vecchio Ordinamento;1981;M;778
2010;Laurea;1982;F;3005
2010;Laurea Magistrale;1982;F;4518
2010;Laurea Magistrale Ciclo Unico;1982;F;1040
2010;Vecchio Ordinamento;1982;F;433
2010;Laurea;1982;M;2774
2010;Laurea Magistrale;1982;M;3538
2010;Laurea Magistrale Ciclo Unico;1982;M;680
2010;Vecchio Ordinamento;1982;M;194
2010;Laurea;1983;F;4190
2010;Laurea Magistrale;1983;F;7001
2010;Laurea Magistrale Ciclo Unico;1983;F;1862
2010;Vecchio Ordinamento;1983;F;247
2010;Laurea;1983;M;3855
2010;Laurea Magistrale;1983;M;5313
2010;Laurea Magistrale Ciclo Unico;1983;M;1124
2010;Vecchio Ordinamento;1983;M;40
2010;Laurea;1984;F;6163
2010;Laurea Magistrale;1984;F;10168
2010;Laurea Magistrale Ciclo Unico;1984;F;3129
2010;Vecchio Ordinamento;1984;F;289
2010;Laurea;1984;M;5456
2010;Laurea Magistrale;1984;M;7157
2010;Laurea Magistrale Ciclo Unico;1984;M;1701
2010;Vecchio Ordinamento;1984;M;38
2010;Laurea;1985;F;9295
2010;Laurea Magistrale;1985;F;11399
2010;Laurea Magistrale Ciclo Unico;1985;F;4346
2010;Vecchio Ordinamento;1985;F;380
2010;Laurea;1985;M;7379
2010;Laurea Magistrale;1985;M;7880
2010;Laurea Magistrale Ciclo Unico;1985;M;2240
2010;Vecchio Ordinamento;1985;M;30
2010;Laurea;1986;F;14624
2010;Laurea Magistrale;1986;F;6092
2010;Laurea Magistrale Ciclo Unico;1986;F;2140
2010;Vecchio Ordinamento;1986;F;643
2010;Laurea;1986;M;10470
2010;Laurea Magistrale;1986;M;4160
2010;Laurea Magistrale Ciclo Unico;1986;M;1088
2010;Vecchio Ordinamento;1986;M;30
2010;Laurea;1987;F;24613
2010;Laurea Magistrale;1987;F;517
2010;Laurea Magistrale Ciclo Unico;1987;F;293
2010;Vecchio Ordinamento;1987;F;505
2010;Laurea;1987;M;14411
2010;Laurea Magistrale;1987;M;376
2010;Laurea Magistrale Ciclo Unico;1987;M;162
2010;Vecchio Ordinamento;1987;M;7
2010;Laurea;1988 e successivi;F;20698
2010;Laurea Magistrale;1988 e successivi;F;8
2010;Laurea Magistrale Ciclo Unico;1988 e successivi;F;2
2010;Vecchio Ordinamento;1988 e successivi;F;22
2010;Laurea;1988 e successivi;M;12470
2010;Laurea Magistrale;1988 e successivi;M;10
2010;Laurea Magistrale Ciclo Unico;1988 e successivi;M;5
