AnnoS;Continente;Diploma_Paese;Lau_D
2024;Asia;Afghanistan;52
2024;Europa;Albania;478
2024;Africa;Algeria;49
2024;Africa;Angola;14
2024;Asia;Arabia Saudita;47
2024;America;Argentina;184
2024;Asia;Armenia;39
2024;Oceania;Australia;17
2024;Europa;Austria;62
2024;Asia;Azerbaigian;120
2024;Asia;Bahrein;2
2024;Asia;Bangladesh;62
2024;Europa;Belgio;114
2024;Africa;Benin;5
2024;Asia;Bhutan;1
2024;Europa;Bielorussia;73
2024;America;Bolivia;31
2024;Europa;Bosnia-Erzegovina;33
2024;Africa;Botswana;5
2024;America;Brasile;359
2024;Europa;Bulgaria;115
2024;Africa;Burkina Faso;8
2024;Africa;Burundi;5
2024;Asia;Cambogia;1
2024;Africa;Camerun;225
2024;America;Canada;94
2024;Africa;Capo Verde;2
2024;Africa;Ciad;1
2024;America;Cile;65
2024;Asia;Cina;1429
2024;Europa;Cipro;28
2024;America;Colombia;269
2024;Africa;Congo;18
2024;Asia;Corea del Sud;18
2024;Africa;Costa d'Avorio;19
2024;America;Costa Rica;21
2024;Europa;Croazia;97
2024;America;Cuba;49
2024;Europa;Danimarca;17
2024;America;Ecuador;124
2024;Africa;Egitto;249
2024;America;El Salvador;10
2024;Asia;Emirati Arabi Uniti;39
2024;Africa;Eritrea;21
2024;Europa;Estonia;9
2024;Africa;Etiopia;107
2024;Europa;Federazione russa;646
2024;Asia;Filippine;43
2024;Europa;Finlandia;27
2024;Europa;Francia;653
2024;Africa;Gabon;14
2024;Africa;Gambia;45
2024;Asia;Georgia;70
2024;Europa;Germania;507
2024;Africa;Ghana;61
2024;Asia;Giappone;32
2024;Europa;Gibilterra;1
2024;Africa;Gibuti;1
2024;Asia;Giordania;43
2024;Europa;Grecia;210
2024;America;Guatemala;10
2024;Africa;Guinea;4
2024;America;Haiti;9
2024;America;Honduras;13
2024;Asia;Hong Kong;14
2024;Asia;India;875
2024;Asia;Indonesia;91
2024;Asia;Iran;1662
2024;Asia;Iraq;19
2024;Europa;Irlanda;53
2024;Europa;Islanda;4
2024;Asia;Israele;142
2024;Europa;Jogoslavia;6
2024;Asia;Kazakhstan;342
2024;Africa;Kenya;33
2024;Asia;Kirghizistan;65
2024;Europa;Kosovo;26
2024;Asia;Kuwait;12
2024;Asia;Laos;2
2024;Africa;Lesotho;2
2024;Europa;Lettonia;12
2024;Asia;Libano;370
2024;Africa;Liberia;4
2024;Africa;Libia;23
2024;Europa;Lituania;20
2024;Europa;Lussemburgo;17
2024;Europa;Macedonia del Nord;55
2024;Africa;Madagascar;19
2024;Africa;Malawi;3
2024;Asia;Malaysia;8
2024;Europa;Malta;14
2024;Africa;Marocco;148
2024;Africa;Mauritania;2
2024;Africa;Maurizio;3
2024;America;Messico;134
2024;Europa;Moldova;84
2024;Europa;Monaco;5
2024;Asia;Mongolia;28
2024;Europa;Montenegro;52
2024;Africa;Mozambico;3
2024;Asia;Myanmar/Birmania;3
2024;Africa;Namibia;1
2024;Asia;Nepal;19
2024;America;Nicaragua;4
2024;Africa;Niger;1
2024;Africa;Nigeria;126
2024;non disponibile;non disponibile;32
2024;Europa;Norvegia;41
2024;Oceania;Nuova Zelanda;4
2024;Asia;Oman;2
2024;Europa;Paesi Bassi;78
2024;Asia;Pakistan;493
2024;Asia;Palestina;15
2024;America;Panama;13
2024;America;Paraguay;9
2024;America;Perů;103
2024;Europa;Polonia;162
2024;Europa;Portogallo;69
2024;America;Portorico;1
2024;Asia;Qatar;9
2024;Europa;Regno Unito;223
2024;Europa;Repubblica ceca;21
2024;Africa;Repubblica Democratica del Congo;7
2024;Europa;REPUBBLICA DEMOCRATICA TEDESCA;1
2024;America;Repubblica Dominicana;26
2024;Europa;REPUBBLICA FEDERALE TEDESCA;1
2024;Europa;Romania;278
2024;Africa;Ruanda;45
2024;Europa;San Marino;153
2024;Africa;Senegal;10
2024;Europa;Serbia;156
2024;Africa;Seychelles;1
2024;Africa;Sierra Leone;5
2024;Asia;Singapore;13
2024;Asia;Siria;83
2024;Europa;Slovacchia;32
2024;Europa;Slovenia;28
2024;Africa;Somalia;19
2024;Europa;Spagna;289
2024;Asia;Sri Lanka;37
2024;America;Stati Uniti d'America;346
2024;Europa;Stato della Cittŕ del Vaticano;2
2024;Africa;Sud Sudan;1
2024;Africa;Sudafrica;28
2024;Africa;Sudan;44
2024;Europa;Svezia;26
2024;Europa;Svizzera;286
2024;Asia;Tagikistan;7
2024;Asia;Taiwan;23
2024;Africa;Tanzania;5
2024;Asia;Thailandia;17
2024;Africa;Togo;11
2024;America;Trinidad e Tobago;5
2024;Africa;Tunisia;141
2024;Europa;Turchia;949
2024;Asia;Turkmenistan;3
2024;Europa;Ucraina;184
2024;Africa;Uganda;30
2024;Europa;Ungheria;68
2024;Europa;Unione Sovietica;12
2024;America;Uruguay;14
2024;Asia;Uzbekistan;156
2024;America;Venezuela;74
2024;Asia;Vietnam;119
2024;Asia;Yemen;4
2024;Africa;Zambia;5
2024;Africa;Zimbabwe;13
2023;Asia;Afghanistan;27
2023;Europa;Albania;438
2023;Africa;Algeria;41
2023;Europa;Andorra;1
2023;Africa;Angola;18
2023;Asia;Arabia Saudita;41
2023;America;Argentina;147
2023;Asia;Armenia;17
2023;Oceania;Australia;11
2023;Europa;Austria;63
2023;Asia;Azerbaigian;127
2023;America;Bahamas;1
2023;Asia;Bahrein;4
2023;Asia;Bangladesh;46
2023;Europa;Belgio;101
2023;America;Belize;1
2023;Africa;Benin;5
2023;Europa;Bielorussia;75
2023;America;Bolivia;21
2023;Europa;Bosnia-Erzegovina;25
2023;America;Brasile;267
2023;Europa;Bulgaria;84
2023;Africa;Burkina Faso;5
2023;Africa;Burundi;3
2023;Africa;Camerun;222
2023;America;Canada;105
2023;Africa;Capo Verde;1
2023;Europa;Cecoslovacchia;1
2023;America;Cile;57
2023;Asia;Cina;1255
2023;Europa;Cipro;25
2023;America;Colombia;224
2023;Africa;Comore;1
2023;Africa;Congo;11
2023;Asia;Corea del Sud;6
2023;Africa;Costa d'Avorio;15
2023;America;Costa Rica;19
2023;Europa;Croazia;77
2023;America;Cuba;18
2023;Europa;Danimarca;8
2023;America;Ecuador;89
2023;Africa;Egitto;181
2023;America;El Salvador;11
2023;Asia;Emirati Arabi Uniti;36
2023;Africa;Eritrea;22
2023;Europa;Estonia;17
2023;Africa;Eswatini;1
2023;Africa;Etiopia;83
2023;Europa;Federazione russa;512
2023;Asia;Filippine;30
2023;Europa;Finlandia;22
2023;Europa;Francia;632
2023;Africa;Gabon;17
2023;Africa;Gambia;24
2023;Asia;Georgia;40
2023;Europa;Germania;425
2023;Africa;Ghana;59
2023;Asia;Giappone;32
2023;Europa;Gibilterra;1
2023;Africa;Gibuti;1
2023;Asia;Giordania;20
2023;Europa;Grecia;193
2023;America;Guatemala;9
2023;Africa;Guinea;1
2023;Africa;Guinea-Bissau;1
2023;America;Haiti;25
2023;America;Honduras;10
2023;Asia;Hong Kong;7
2023;Asia;India;825
2023;Asia;Indonesia;60
2023;Asia;Iran;952
2023;Asia;Iraq;14
2023;Europa;Irlanda;31
2023;Europa;Islanda;3
2023;Oceania;Isole Heard and Mc Donald;1
2023;America;Isole Vergini britanniche;1
2023;Asia;Israele;131
2023;Europa;Jogoslavia;3
2023;Asia;Kazakhstan;203
2023;Africa;Kenya;33
2023;Asia;Kirghizistan;48
2023;Europa;Kosovo;26
2023;Asia;Kuwait;6
2023;Africa;Lesotho;1
2023;Europa;Lettonia;13
2023;Asia;Libano;268
2023;Africa;Liberia;4
2023;Africa;Libia;24
2023;Europa;Lituania;14
2023;Europa;Lussemburgo;23
2023;Europa;Macedonia del Nord;30
2023;Africa;Madagascar;16
2023;Africa;Malawi;2
2023;Asia;Malaysia;15
2023;Africa;Mali;7
2023;Europa;Malta;5
2023;Africa;Marocco;111
2023;Africa;Maurizio;2
2023;America;Messico;128
2023;Europa;Moldova;96
2023;Europa;Monaco;5
2023;Asia;Mongolia;14
2023;Europa;Montenegro;37
2023;Africa;Mozambico;6
2023;Asia;Myanmar/Birmania;2
2023;Asia;Nepal;30
2023;America;Nicaragua;1
2023;Africa;Niger;2
2023;Africa;Nigeria;108
2023;non disponibile;non disponibile;35
2023;Europa;Norvegia;31
2023;Oceania;Nuova Caledonia;1
2023;Oceania;Nuova Zelanda;4
2023;Asia;Oman;2
2023;Europa;Paesi Bassi;73
2023;Asia;Pakistan;354
2023;Asia;Palestina;21
2023;America;Panama;7
2023;America;Paraguay;11
2023;America;Perů;97
2023;Europa;Polonia;120
2023;Europa;Portogallo;55
2023;America;Portorico;1
2023;Asia;Qatar;3
2023;Europa;Regno Unito;248
2023;Europa;Repubblica ceca;15
2023;Africa;Repubblica Democratica del Congo;8
2023;America;Repubblica Dominicana;15
2023;Africa;Reunion;1
2023;Europa;Romania;206
2023;Africa;Ruanda;28
2023;America;Saint Kitts e Nevis;1
2023;Europa;San Marino;129
2023;Africa;Senegal;9
2023;Europa;Serbia;105
2023;Europa;Serbia e Montenegro;1
2023;Africa;Sierra Leone;1
2023;Asia;Singapore;8
2023;Asia;Siria;65
2023;Europa;Slovacchia;22
2023;Europa;Slovenia;26
2023;Africa;Somalia;6
2023;Europa;Spagna;267
2023;Asia;Sri Lanka;18
2023;America;Stati Uniti d'America;280
2023;Europa;Stato della Cittŕ del Vaticano;1
2023;Africa;Sud Sudan;6
2023;Africa;Sudafrica;26
2023;Africa;Sudan;29
2023;Europa;Svezia;31
2023;Europa;Svizzera;270
2023;Asia;Tagikistan;4
2023;Asia;Taiwan;9
2023;Africa;Tanzania;7
2023;Asia;Thailandia;15
2023;Asia;Timor Leste;1
2023;Africa;Togo;27
2023;Africa;Tunisia;122
2023;Europa;Turchia;599
2023;Asia;Turkmenistan;4
2023;Europa;Ucraina;160
2023;Africa;Uganda;22
2023;Europa;Ungheria;49
2023;Europa;Unione Sovietica;12
2023;America;Uruguay;6
2023;Asia;Uzbekistan;186
2023;America;Venezuela;81
2023;Asia;Vietnam;138
2023;Asia;Yemen;6
2023;Africa;Zambia;2
2023;Africa;Zimbabwe;17
2022;Asia;Afghanistan;22
2022;Europa;Albania;410
2022;Africa;Algeria;14
2022;Africa;Angola;11
2022;Asia;Arabia Saudita;22
2022;America;Argentina;101
2022;Asia;Armenia;18
2022;Oceania;Australia;11
2022;Europa;Austria;40
2022;Asia;Azerbaigian;181
2022;Asia;Bahrein;1
2022;Asia;Bangladesh;27
2022;Europa;Belgio;62
2022;America;Belize;1
2022;Africa;Benin;6
2022;Asia;Bhutan;3
2022;Europa;Bielorussia;58
2022;America;Bolivia;27
2022;Europa;Bosnia-Erzegovina;20
2022;America;Brasile;235
2022;Europa;Bulgaria;91
2022;Africa;Burkina Faso;3
2022;Africa;Burundi;6
2022;Africa;Camerun;313
2022;America;Canada;85
2022;Africa;Capo Verde;1
2022;Africa;Ciad;6
2022;America;Cile;44
2022;Asia;Cina;1010
2022;Europa;Cipro;20
2022;America;Colombia;141
2022;Africa;Congo;19
2022;Asia;Corea del Sud;10
2022;Africa;Costa d'Avorio;4
2022;America;Costa Rica;22
2022;Europa;Croazia;86
2022;America;Cuba;34
2022;Europa;Danimarca;7
2022;America;Ecuador;78
2022;Africa;Egitto;133
2022;America;El Salvador;20
2022;Asia;Emirati Arabi Uniti;23
2022;Africa;Eritrea;6
2022;Europa;Estonia;20
2022;Africa;Eswatini;1
2022;Africa;Etiopia;47
2022;Europa;Federazione russa;375
2022;Asia;Filippine;20
2022;Europa;Finlandia;15
2022;Europa;Francia;513
2022;Africa;Gabon;13
2022;Africa;Gambia;23
2022;Asia;Georgia;30
2022;Europa;Germania;361
2022;Africa;Ghana;73
2022;Asia;Giappone;29
2022;Africa;Gibuti;1
2022;Asia;Giordania;37
2022;Europa;Grecia;135
2022;America;Grenada;1
2022;America;Groenlandia;1
2022;America;Guatemala;13
2022;Africa;Guinea;4
2022;America;Haiti;14
2022;America;Honduras;10
2022;Asia;Hong Kong;9
2022;Asia;India;682
2022;Asia;Indonesia;30
2022;Asia;Iran;601
2022;Asia;Iraq;12
2022;Europa;Irlanda;27
2022;Europa;Islanda;1
2022;Asia;Israele;108
2022;Europa;Jogoslavia;5
2022;Asia;Kazakhstan;97
2022;Africa;Kenya;32
2022;Asia;Kirghizistan;12
2022;Europa;Kosovo;24
2022;Asia;Kuwait;4
2022;Asia;Laos;1
2022;Europa;Lettonia;13
2022;Asia;Libano;139
2022;Africa;Liberia;1
2022;Africa;Libia;27
2022;Europa;Lituania;26
2022;Europa;Lussemburgo;19
2022;Europa;Macedonia del Nord;38
2022;Africa;Madagascar;14
2022;Asia;Malaysia;9
2022;Africa;Mali;4
2022;Europa;Malta;7
2022;Africa;Marocco;105
2022;Africa;Mauritania;3
2022;Africa;Maurizio;3
2022;America;Messico;86
2022;Europa;Moldova;59
2022;Europa;Monaco;9
2022;Asia;Mongolia;8
2022;Europa;Montenegro;36
2022;Africa;Mozambico;7
2022;Asia;Myanmar/Birmania;1
2022;Africa;Namibia;1
2022;Asia;Nepal;14
2022;Africa;Nigeria;103
2022;non disponibile;non disponibile;61
2022;Europa;Norvegia;41
2022;Oceania;Nuova Zelanda;7
2022;Asia;Oman;2
2022;Europa;Paesi Bassi;47
2022;Asia;Pakistan;262
2022;Asia;Palestina;28
2022;America;Panama;9
2022;America;Paraguay;11
2022;America;Perů;63
2022;Europa;Polonia;78
2022;Europa;Portogallo;22
2022;America;Portorico;1
2022;Asia;Qatar;6
2022;Europa;Regno Unito;171
2022;Europa;Repubblica ceca;12
2022;Africa;Repubblica Democratica del Congo;19
2022;Europa;REPUBBLICA DEMOCRATICA TEDESCA;1
2022;America;Repubblica Dominicana;9
2022;Europa;REPUBBLICA FEDERALE TEDESCA;1
2022;Europa;Romania;191
2022;Africa;Ruanda;16
2022;Europa;San Marino;114
2022;Africa;Senegal;13
2022;Europa;Serbia;77
2022;Europa;Serbia e Montenegro;1
2022;Africa;Seychelles;1
2022;Africa;Sierra Leone;1
2022;Asia;Singapore;11
2022;Asia;Siria;48
2022;Europa;Slovacchia;16
2022;Europa;Slovenia;17
2022;Africa;Somalia;9
2022;Europa;Spagna;194
2022;Asia;Sri Lanka;22
2022;America;Stati Uniti d'America;254
2022;Europa;Stato della Cittŕ del Vaticano;2
2022;Africa;Sud Sudan;1
2022;Africa;Sudafrica;18
2022;Africa;Sudan;24
2022;Europa;Svezia;30
2022;Europa;Svizzera;221
2022;Asia;Tagikistan;3
2022;Asia;Taiwan;14
2022;Africa;Tanzania;4
2022;Asia;Thailandia;12
2022;Africa;Togo;19
2022;America;Trinidad e Tobago;2
2022;Africa;Tunisia;91
2022;Europa;Turchia;449
2022;Asia;Turkmenistan;1
2022;Europa;Ucraina;155
2022;Africa;Uganda;17
2022;Europa;Ungheria;50
2022;Europa;Unione Sovietica;10
2022;America;Uruguay;7
2022;Asia;Uzbekistan;249
2022;America;Venezuela;82
2022;Asia;Vietnam;128
2022;Asia;Yemen;1
2022;Africa;Zambia;2
2022;Africa;Zimbabwe;10
2021;Asia;;1
2021;Asia;Afghanistan;25
2021;Europa;Albania;457
2021;Africa;Algeria;21
2021;Europa;Andorra;1
2021;Africa;Angola;21
2021;Asia;Arabia Saudita;33
2021;America;Argentina;102
2021;Asia;Armenia;17
2021;Oceania;Australia;17
2021;Europa;Austria;58
2021;Asia;Azerbaigian;260
2021;Asia;Bahrein;2
2021;Asia;Bangladesh;17
2021;Europa;Belgio;89
2021;America;Belize;1
2021;Africa;Benin;11
2021;Asia;Bhutan;1
2021;Europa;Bielorussia;54
2021;America;Bolivia;18
2021;Europa;Bosnia-Erzegovina;22
2021;America;Brasile;225
2021;Asia;Brunei Darussalam;1
2021;Europa;Bulgaria;64
2021;Africa;Burkina Faso;4
2021;Africa;Burundi;6
2021;Asia;Cambogia;2
2021;Africa;Camerun;366
2021;America;Canada;76
2021;Africa;Capo Verde;1
2021;Europa;Cecoslovacchia;1
2021;Africa;Ciad;5
2021;America;Cile;36
2021;Asia;Cina;1202
2021;Europa;Cipro;20
2021;America;Colombia;156
2021;Africa;Congo;18
2021;Asia;Corea del Sud;10
2021;Africa;Costa d'Avorio;7
2021;America;Costa Rica;17
2021;Europa;Croazia;90
2021;America;Cuba;18
2021;Europa;Danimarca;11
2021;America;Ecuador;67
2021;Africa;Egitto;146
2021;America;El Salvador;15
2021;Asia;Emirati Arabi Uniti;31
2021;Africa;Eritrea;7
2021;Europa;Estonia;10
2021;Africa;Etiopia;44
2021;Europa;Federazione russa;328
2021;Asia;Filippine;15
2021;Europa;Finlandia;12
2021;Europa;Francia;429
2021;Africa;Gabon;21
2021;Africa;Gambia;15
2021;Asia;Georgia;31
2021;Europa;Germania;328
2021;Africa;Ghana;83
2021;Asia;Giappone;17
2021;Africa;Gibuti;2
2021;Asia;Giordania;23
2021;Europa;Grecia;172
2021;America;Grenada;1
2021;America;Guatemala;13
2021;Africa;Guinea;2
2021;Africa;Guinea-Bissau;1
2021;America;Haiti;11
2021;America;Honduras;9
2021;Asia;Hong Kong;9
2021;Asia;India;522
2021;Asia;Indonesia;41
2021;Asia;Iran;482
2021;Asia;Iraq;5
2021;Europa;Irlanda;34
2021;Europa;Islanda;2
2021;Asia;Israele;124
2021;Europa;Jogoslavia;5
2021;Asia;Kazakhstan;62
2021;Africa;Kenya;28
2021;Asia;Kirghizistan;15
2021;Europa;Kosovo;9
2021;Asia;Kuwait;10
2021;Europa;Lettonia;10
2021;Asia;Libano;161
2021;Africa;Liberia;1
2021;Africa;Libia;19
2021;Europa;Lituania;9
2021;Europa;Lussemburgo;12
2021;Europa;Macedonia del Nord;28
2021;Africa;Madagascar;15
2021;Africa;Malawi;1
2021;Asia;Malaysia;11
2021;Africa;Mali;4
2021;Europa;Malta;4
2021;Africa;Marocco;116
2021;Africa;Mauritania;1
2021;Africa;Maurizio;3
2021;America;Messico;72
2021;Europa;Moldova;100
2021;Europa;Monaco;6
2021;Asia;Mongolia;11
2021;Europa;Montenegro;32
2021;Africa;Mozambico;9
2021;Asia;Myanmar/Birmania;2
2021;Africa;Namibia;2
2021;Asia;Nepal;8
2021;America;Nicaragua;2
2021;Africa;Nigeria;81
2021;non disponibile;non disponibile;61
2021;Europa;Norvegia;19
2021;Oceania;Nuova Zelanda;2
2021;Asia;Oman;1
2021;Europa;Paesi Bassi;33
2021;Asia;Pakistan;174
2021;Asia;Palestina;33
2021;America;Panama;6
2021;America;Paraguay;13
2021;America;Perů;74
2021;Europa;Polonia;93
2021;Europa;Portogallo;26
2021;America;Portorico;1
2021;Asia;Qatar;7
2021;Europa;Regno Unito;191
2021;Europa;Repubblica ceca;14
2021;Africa;Repubblica Centrafricana;1
2021;Africa;Repubblica Democratica del Congo;15
2021;America;Repubblica Dominicana;11
2021;Europa;REPUBBLICA FEDERALE TEDESCA;2
2021;Europa;Romania;187
2021;Africa;Ruanda;16
2021;Europa;San Marino;132
2021;Africa;Senegal;8
2021;Europa;Serbia;79
2021;Europa;Serbia e Montenegro;2
2021;Africa;Seychelles;1
2021;Africa;Sierra Leone;3
2021;Asia;Singapore;8
2021;Asia;Siria;31
2021;Europa;Slovacchia;14
2021;Europa;Slovenia;22
2021;Africa;Somalia;6
2021;Europa;Spagna;180
2021;Asia;Sri Lanka;27
2021;America;Stati Uniti d'America;211
2021;Europa;Stato della Cittŕ del Vaticano;2
2021;Africa;Sud Sudan;1
2021;Africa;Sudafrica;21
2021;Africa;Sudan;16
2021;Europa;Svezia;20
2021;Europa;Svizzera;193
2021;Asia;Tagikistan;4
2021;Asia;Taiwan;13
2021;Africa;Tanzania;8
2021;Asia;Thailandia;10
2021;Africa;Togo;34
2021;America;Trinidad e Tobago;1
2021;Africa;Tunisia;95
2021;Europa;Turchia;423
2021;Asia;Turkmenistan;6
2021;Europa;Ucraina;128
2021;Africa;Uganda;25
2021;Europa;Ungheria;34
2021;Europa;Unione Sovietica;7
2021;America;Uruguay;5
2021;Asia;Uzbekistan;177
2021;America;Venezuela;79
2021;Asia;Vietnam;135
2021;Asia;Yemen;3
2021;Africa;Zambia;5
2021;Africa;Zimbabwe;18
2020;Asia;Afghanistan;24
2020;Europa;Albania;440
2020;Africa;Algeria;20
2020;Africa;Angola;28
2020;Asia;Arabia Saudita;35
2020;America;Argentina;89
2020;Asia;Armenia;11
2020;Oceania;Australia;11
2020;Europa;Austria;34
2020;Asia;Azerbaigian;211
2020;Asia;Bangladesh;21
2020;Europa;Belgio;81
2020;Africa;Benin;2
2020;Asia;Bhutan;1
2020;Europa;Bielorussia;59
2020;America;Bolivia;15
2020;Europa;Bosnia-Erzegovina;23
2020;America;Brasile;179
2020;Europa;Bulgaria;56
2020;Africa;Burkina Faso;4
2020;Africa;Burundi;10
2020;Asia;Cambogia;1
2020;Africa;Camerun;318
2020;America;Canada;58
2020;Africa;Capo Verde;1
2020;Africa;Ciad;2
2020;America;Cile;31
2020;Asia;Cina;893
2020;Europa;Cipro;11
2020;America;Colombia;121
2020;Africa;Congo;14
2020;Asia;Corea del Sud;11
2020;Africa;Costa d'Avorio;10
2020;America;Costa Rica;7
2020;Europa;Croazia;91
2020;America;Cuba;15
2020;Europa;Danimarca;7
2020;America;Ecuador;63
2020;Africa;Egitto;122
2020;America;El Salvador;9
2020;Asia;Emirati Arabi Uniti;14
2020;Africa;Eritrea;8
2020;Europa;Estonia;15
2020;Africa;Etiopia;34
2020;Europa;Federazione russa;324
2020;Asia;Filippine;13
2020;Europa;Finlandia;16
2020;Europa;Francia;457
2020;Africa;Gabon;22
2020;Africa;Gambia;23
2020;Asia;Georgia;28
2020;Europa;Germania;322
2020;Africa;Ghana;130
2020;America;Giamaica;1
2020;Asia;Giappone;16
2020;Africa;Gibuti;2
2020;Asia;Giordania;35
2020;Europa;Grecia;160
2020;America;Guatemala;14
2020;Africa;Guinea;3
2020;America;Honduras;6
2020;Asia;Hong Kong;3
2020;Asia;India;315
2020;Asia;Indonesia;30
2020;Asia;Iran;459
2020;Asia;Iraq;7
2020;Europa;Irlanda;31
2020;Europa;Islanda;4
2020;America;Isola di Guadalupe;1
2020;Asia;Israele;113
2020;Europa;Jogoslavia;3
2020;Asia;Kazakhstan;50
2020;Africa;Kenya;30
2020;Asia;Kirghizistan;4
2020;Europa;Kosovo;9
2020;Asia;Kuwait;5
2020;Africa;Lesotho;1
2020;Europa;Lettonia;15
2020;Asia;Libano;112
2020;Africa;Libia;25
2020;Europa;Lituania;18
2020;Europa;Lussemburgo;10
2020;Asia;Macao;1
2020;Europa;Macedonia del Nord;29
2020;Africa;Madagascar;10
2020;Africa;Malawi;2
2020;Asia;Malaysia;5
2020;Africa;Mali;3
2020;Europa;Malta;11
2020;Africa;Marocco;77
2020;Africa;Maurizio;1
2020;America;Messico;37
2020;Europa;Moldova;99
2020;Europa;Monaco;10
2020;Asia;Mongolia;15
2020;Europa;Montenegro;28
2020;Africa;Mozambico;4
2020;Asia;Myanmar/Birmania;1
2020;Africa;Namibia;1
2020;Asia;Nepal;7
2020;America;Nicaragua;1
2020;Africa;Niger;1
2020;Africa;Nigeria;84
2020;non disponibile;non disponibile;88
2020;Europa;Norvegia;22
2020;Oceania;Nuova Zelanda;6
2020;Asia;Oman;2
2020;Europa;Paesi Bassi;51
2020;Asia;Pakistan;128
2020;Asia;Palestina;20
2020;America;Panama;2
2020;America;Paraguay;16
2020;America;Perů;65
2020;Europa;Polonia;91
2020;Europa;Portogallo;29
2020;America;Portorico;2
2020;Asia;Qatar;5
2020;Europa;Regno Unito;164
2020;Europa;Repubblica ceca;21
2020;Africa;Repubblica Democratica del Congo;20
2020;Europa;REPUBBLICA DEMOCRATICA TEDESCA;1
2020;America;Repubblica Dominicana;9
2020;Europa;Romania;177
2020;Africa;Ruanda;10
2020;Europa;San Marino;135
2020;Africa;Senegal;10
2020;Europa;Serbia;61
2020;Europa;Serbia e Montenegro;1
2020;Asia;Singapore;13
2020;Asia;Siria;27
2020;Europa;Slovacchia;19
2020;Europa;Slovenia;22
2020;Africa;Somalia;1
2020;Europa;Spagna;172
2020;Asia;Sri Lanka;13
2020;America;Stati Uniti d'America;207
2020;Europa;Stato della Cittŕ del Vaticano;1
2020;Africa;Sudafrica;9
2020;Africa;Sudan;17
2020;Europa;Svezia;20
2020;Europa;Svizzera;192
2020;Asia;Tagikistan;2
2020;Asia;Taiwan;10
2020;Africa;Tanzania;7
2020;Asia;Thailandia;7
2020;Asia;Timor Leste;1
2020;Africa;Togo;40
2020;America;Trinidad e Tobago;1
2020;Africa;Tunisia;91
2020;Europa;Turchia;326
2020;Asia;Turkmenistan;5
2020;Europa;Ucraina;164
2020;Africa;Uganda;14
2020;Europa;Ungheria;45
2020;Europa;Unione Sovietica;5
2020;America;Uruguay;6
2020;Asia;Uzbekistan;131
2020;America;Venezuela;76
2020;Asia;Vietnam;129
2020;Africa;Zambia;7
2020;Africa;Zimbabwe;10
2019;Asia;Afghanistan;15
2019;Europa;Albania;442
2019;Africa;Algeria;16
2019;Africa;Angola;17
2019;Asia;Arabia Saudita;13
2019;America;Argentina;81
2019;Asia;Armenia;19
2019;Oceania;Australia;8
2019;Europa;Austria;40
2019;Asia;Azerbaigian;108
2019;Asia;Bangladesh;25
2019;Europa;Belgio;52
2019;Africa;Benin;6
2019;Europa;Bielorussia;54
2019;America;Bolivia;13
2019;Europa;Bosnia-Erzegovina;21
2019;Africa;Botswana;1
2019;America;Brasile;142
2019;Europa;Bulgaria;60
2019;Africa;Burkina Faso;4
2019;Africa;Burundi;4
2019;Africa;Camerun;336
2019;America;Canada;68
2019;Africa;Ciad;3
2019;America;Cile;28
2019;Asia;Cina;921
2019;Europa;Cipro;18
2019;America;Colombia;105
2019;Africa;Congo;21
2019;Asia;Corea del Sud;6
2019;Africa;Costa d'Avorio;8
2019;America;Costa Rica;8
2019;Europa;Croazia;85
2019;America;Cuba;15
2019;Europa;Danimarca;5
2019;America;Ecuador;52
2019;Africa;Egitto;101
2019;America;El Salvador;4
2019;Asia;Emirati Arabi Uniti;14
2019;Africa;Eritrea;6
2019;Europa;Estonia;7
2019;Africa;Etiopia;49
2019;Europa;Federazione russa;252
2019;Asia;Filippine;11
2019;Europa;Finlandia;10
2019;Europa;Francia;424
2019;Africa;Gabon;20
2019;Africa;Gambia;11
2019;Asia;Georgia;26
2019;Europa;Germania;267
2019;Africa;Ghana;87
2019;Asia;Giappone;17
2019;Africa;Gibuti;2
2019;Asia;Giordania;17
2019;Europa;Grecia;168
2019;America;Groenlandia;1
2019;America;Guatemala;8
2019;Africa;Guinea equatoriale;1
2019;America;Haiti;1
2019;America;Honduras;4
2019;Asia;Hong Kong;5
2019;Asia;India;230
2019;Asia;Indonesia;33
2019;Asia;Iran;388
2019;Asia;Iraq;13
2019;Europa;Irlanda;33
2019;Europa;Islanda;1
2019;America;Isola di Guadalupe;1
2019;Asia;Israele;122
2019;Europa;Jogoslavia;3
2019;Asia;Kazakhstan;34
2019;Africa;Kenya;18
2019;Asia;Kirghizistan;5
2019;Europa;Kosovo;10
2019;Asia;Kuwait;6
2019;Europa;Lettonia;4
2019;Asia;Libano;128
2019;Africa;Liberia;1
2019;Africa;Libia;20
2019;Europa;Lituania;14
2019;Europa;Lussemburgo;11
2019;Europa;Macedonia del Nord;31
2019;Africa;Madagascar;8
2019;Africa;Malawi;3
2019;Asia;Malaysia;4
2019;Africa;Mali;3
2019;Europa;Malta;5
2019;Africa;Marocco;93
2019;Africa;Mauritania;2
2019;Africa;Maurizio;1
2019;America;Messico;55
2019;Europa;Moldova;110
2019;Europa;Monaco;5
2019;Asia;Mongolia;14
2019;Europa;Montenegro;43
2019;Africa;Mozambico;8
2019;Asia;Myanmar/Birmania;1
2019;Asia;Nepal;7
2019;America;Nicaragua;4
2019;Africa;Niger;1
2019;Africa;Nigeria;35
2019;non disponibile;non disponibile;105
2019;Europa;Norvegia;27
2019;Oceania;Nuova Zelanda;4
2019;Europa;Paesi Bassi;57
2019;Asia;Pakistan;124
2019;Asia;Palestina;10
2019;America;Panama;3
2019;America;Paraguay;7
2019;America;Perů;53
2019;Europa;Polonia;66
2019;Europa;Portogallo;21
2019;Asia;Qatar;2
2019;Europa;Regno Unito;133
2019;Europa;Repubblica ceca;24
2019;Africa;Repubblica Centrafricana;1
2019;Africa;Repubblica Democratica del Congo;14
2019;America;Repubblica Dominicana;11
2019;Europa;REPUBBLICA FEDERALE TEDESCA;1
2019;Europa;Romania;167
2019;Africa;Ruanda;5
2019;Europa;San Marino;107
2019;Africa;Senegal;11
2019;Europa;Serbia;72
2019;Europa;Serbia e Montenegro;2
2019;Asia;Singapore;6
2019;Asia;Siria;39
2019;Europa;Slovacchia;20
2019;Europa;Slovenia;24
2019;Africa;Somalia;5
2019;Europa;Spagna;145
2019;Asia;Sri Lanka;14
2019;America;Stati Uniti d'America;158
2019;Europa;Stato della Cittŕ del Vaticano;2
2019;Africa;Sudafrica;15
2019;Africa;Sudan;9
2019;Europa;Svezia;11
2019;Europa;Svizzera;164
2019;Asia;Taiwan;13
2019;Africa;Tanzania;2
2019;Asia;Thailandia;15
2019;Asia;Timor Leste;1
2019;Africa;Togo;35
2019;Africa;Tunisia;65
2019;Europa;Turchia;207
2019;Europa;Ucraina;120
2019;Africa;Uganda;19
2019;Europa;Ungheria;43
2019;Europa;Unione Sovietica;4
2019;America;Uruguay;7
2019;Asia;Uzbekistan;203
2019;America;Venezuela;61
2019;Asia;Vietnam;118
2019;Asia;Yemen;1
2019;Africa;Zambia;2
2019;Africa;Zimbabwe;8
2018;Asia;Afghanistan;12
2018;Europa;Albania;446
2018;Africa;Algeria;9
2018;Africa;Angola;19
2018;Asia;Arabia Saudita;10
2018;America;Argentina;66
2018;Asia;Armenia;18
2018;Oceania;Australia;7
2018;Europa;Austria;44
2018;Asia;Azerbaigian;51
2018;Asia;Bangladesh;32
2018;Europa;Belgio;49
2018;Africa;Benin;2
2018;Asia;Bhutan;1
2018;Europa;Bielorussia;63
2018;America;Bolivia;11
2018;Europa;Bosnia-Erzegovina;17
2018;America;Brasile;116
2018;Europa;Bulgaria;48
2018;Africa;Burkina Faso;2
2018;Africa;Burundi;1
2018;Asia;Cambogia;5
2018;Africa;Camerun;329
2018;America;Canada;34
2018;Africa;Capo Verde;1
2018;Africa;Ciad;1
2018;America;Cile;21
2018;Asia;Cina;810
2018;Europa;Cipro;13
2018;America;Colombia;83
2018;Africa;Congo;21
2018;Asia;Corea del Nord;3
2018;Asia;Corea del Sud;11
2018;Africa;Costa d'Avorio;9
2018;America;Costa Rica;8
2018;Europa;Croazia;117
2018;America;Cuba;19
2018;Europa;Danimarca;2
2018;America;Ecuador;42
2018;Africa;Egitto;66
2018;America;El Salvador;6
2018;Asia;Emirati Arabi Uniti;5
2018;Africa;Eritrea;8
2018;Europa;Estonia;3
2018;Africa;Eswatini;1
2018;Africa;Etiopia;39
2018;Europa;Federazione russa;240
2018;Asia;Filippine;5
2018;Europa;Finlandia;7
2018;Europa;Francia;300
2018;Africa;Gabon;13
2018;Africa;Gambia;3
2018;Asia;Georgia;23
2018;Europa;Germania;210
2018;Africa;Ghana;46
2018;America;Giamaica;1
2018;Asia;Giappone;15
2018;Africa;Gibuti;2
2018;Asia;Giordania;17
2018;Europa;Grecia;187
2018;America;Guatemala;4
2018;Africa;Guinea equatoriale;1
2018;America;Haiti;1
2018;America;Honduras;7
2018;Asia;Hong Kong;5
2018;Asia;India;156
2018;Asia;Indonesia;20
2018;Asia;Iran;314
2018;Asia;Iraq;12
2018;Europa;Irlanda;12
2018;America;Isola di Guadalupe;1
2018;Asia;Israele;152
2018;Europa;Jogoslavia;2
2018;Asia;Kazakhstan;27
2018;Africa;Kenya;15
2018;Asia;Kirghizistan;2
2018;Europa;Kosovo;3
2018;Asia;Kuwait;4
2018;Europa;Lettonia;4
2018;Asia;Libano;129
2018;Africa;Liberia;3
2018;Africa;Libia;20
2018;Europa;Lituania;21
2018;Europa;Lussemburgo;10
2018;Europa;Macedonia del Nord;41
2018;Africa;Madagascar;11
2018;Asia;Malaysia;5
2018;Europa;Malta;8
2018;Africa;Marocco;69
2018;America;Messico;42
2018;Europa;Moldova;105
2018;Europa;Monaco;7
2018;Asia;Mongolia;8
2018;Europa;Montenegro;30
2018;Africa;Mozambico;3
2018;Asia;Myanmar/Birmania;3
2018;Africa;Namibia;1
2018;Asia;Nepal;5
2018;America;Nicaragua;2
2018;Africa;Nigeria;42
2018;non disponibile;non disponibile;133
2018;Europa;Norvegia;19
2018;Europa;Paesi Bassi;35
2018;Asia;Pakistan;76
2018;Asia;Palestina;13
2018;America;Panama;4
2018;America;Paraguay;8
2018;America;Perů;64
2018;Europa;Polonia;78
2018;Europa;Portogallo;12
2018;Asia;Qatar;2
2018;Europa;Regno Unito;93
2018;Europa;Repubblica ceca;17
2018;Africa;Repubblica Centrafricana;1
2018;Africa;Repubblica Democratica del Congo;13
2018;America;Repubblica Dominicana;15
2018;Europa;REPUBBLICA FEDERALE TEDESCA;1
2018;Europa;Romania;187
2018;Africa;Ruanda;2
2018;Europa;San Marino;99
2018;America;Santa Lucia;1
2018;Africa;Senegal;5
2018;Europa;Serbia;65
2018;Europa;Serbia e Montenegro;1
2018;Africa;Sierra Leone;1
2018;Asia;Singapore;5
2018;Asia;Siria;19
2018;Europa;Slovacchia;17
2018;Europa;Slovenia;18
2018;Africa;Somalia;2
2018;Europa;Spagna;117
2018;Asia;Sri Lanka;6
2018;America;Stati Uniti d'America;147
2018;Africa;Sudafrica;4
2018;Africa;Sudan;20
2018;Europa;Svezia;11
2018;Europa;Svizzera;153
2018;Asia;Tagikistan;2
2018;Asia;Taiwan;6
2018;Africa;Tanzania;3
2018;Asia;Thailandia;6
2018;Africa;Togo;37
2018;Africa;Tunisia;37
2018;Europa;Turchia;117
2018;Asia;Turkmenistan;5
2018;Europa;Ucraina;114
2018;Africa;Uganda;16
2018;Europa;Ungheria;49
2018;Europa;Unione Sovietica;7
2018;America;Uruguay;4
2018;Asia;Uzbekistan;126
2018;America;Venezuela;48
2018;Asia;Vietnam;92
2018;Asia;Yemen;3
2018;Africa;Zambia;3
2018;Africa;Zimbabwe;6
2017;Asia;Afghanistan;13
2017;Europa;Albania;478
2017;Africa;Algeria;19
2017;Africa;Angola;20
2017;Asia;Arabia Saudita;6
2017;America;Argentina;84
2017;Asia;Armenia;6
2017;Oceania;Australia;8
2017;Europa;Austria;29
2017;Asia;Azerbaigian;23
2017;Asia;Bangladesh;25
2017;Europa;Belgio;49
2017;Africa;Benin;5
2017;Asia;Bhutan;1
2017;Europa;Bielorussia;60
2017;America;Bolivia;8
2017;Europa;Bosnia-Erzegovina;11
2017;Africa;Botswana;1
2017;America;Brasile;79
2017;Europa;Bulgaria;58
2017;Africa;Burkina Faso;1
2017;Africa;Burundi;5
2017;Asia;Cambogia;2
2017;Africa;Camerun;397
2017;America;Canada;17
2017;Europa;Cecoslovacchia;1
2017;Africa;Ciad;1
2017;America;Cile;11
2017;Asia;Cina;763
2017;Europa;Cipro;18
2017;America;Colombia;66
2017;Africa;Congo;23
2017;Asia;Corea del Nord;4
2017;Asia;Corea del Sud;5
2017;Africa;Costa d'Avorio;10
2017;America;Costa Rica;9
2017;Europa;Croazia;107
2017;America;Cuba;12
2017;Europa;Danimarca;4
2017;America;Ecuador;45
2017;Africa;Egitto;65
2017;America;El Salvador;4
2017;Asia;Emirati Arabi Uniti;4
2017;Africa;Eritrea;5
2017;Europa;Estonia;5
2017;Africa;Etiopia;56
2017;Europa;Federazione russa;218
2017;Asia;Filippine;4
2017;Europa;Finlandia;13
2017;Europa;Francia;278
2017;Africa;Gabon;18
2017;Africa;Gambia;2
2017;Asia;Georgia;17
2017;Europa;Germania;172
2017;Africa;Ghana;34
2017;America;Giamaica;2
2017;Asia;Giappone;10
2017;Asia;Giordania;14
2017;Europa;Grecia;197
2017;America;Guatemala;14
2017;Africa;Guinea equatoriale;6
2017;America;Haiti;1
2017;America;Honduras;8
2017;Asia;Hong Kong;2
2017;Asia;India;104
2017;Asia;Indonesia;17
2017;Asia;Iran;250
2017;Asia;Iraq;5
2017;Europa;Irlanda;12
2017;Europa;Islanda;1
2017;Asia;Israele;139
2017;Europa;Jogoslavia;2
2017;Asia;Kazakhstan;15
2017;Africa;Kenya;15
2017;Asia;Kirghizistan;2
2017;Europa;Kosovo;5
2017;Europa;Lettonia;8
2017;Asia;Libano;113
2017;Africa;Liberia;1
2017;Africa;Libia;21
2017;Europa;Liechtenstein;1
2017;Europa;Lituania;14
2017;Europa;Lussemburgo;6
2017;Europa;Macedonia del Nord;24
2017;Africa;Madagascar;4
2017;Africa;Malawi;1
2017;Asia;Malaysia;2
2017;Africa;Mali;2
2017;Europa;Malta;3
2017;Africa;Marocco;83
2017;Africa;Mauritania;2
2017;America;Messico;32
2017;Europa;Moldova;134
2017;Europa;Monaco;3
2017;Asia;Mongolia;7
2017;Europa;Montenegro;30
2017;Africa;Mozambico;14
2017;Asia;Nepal;7
2017;Africa;Niger;2
2017;Africa;Nigeria;35
2017;non disponibile;non disponibile;152
2017;Europa;Norvegia;22
2017;Asia;Oman;1
2017;Europa;Paesi Bassi;22
2017;Asia;Pakistan;79
2017;Asia;Palestina;17
2017;America;Panama;2
2017;America;Paraguay;11
2017;America;Perů;55
2017;Europa;Polonia;68
2017;Europa;Portogallo;10
2017;Asia;Qatar;3
2017;Europa;Regno Unito;73
2017;Europa;Repubblica ceca;18
2017;Africa;Repubblica Democratica del Congo;8
2017;Europa;REPUBBLICA DEMOCRATICA TEDESCA;1
2017;America;Repubblica Dominicana;9
2017;Europa;REPUBBLICA FEDERALE TEDESCA;1
2017;Europa;Romania;223
2017;Africa;Ruanda;2
2017;Europa;San Marino;133
2017;Africa;Senegal;7
2017;Europa;Serbia;61
2017;Europa;Serbia e Montenegro;2
2017;Africa;Sierra Leone;1
2017;Asia;Singapore;3
2017;Asia;Siria;13
2017;Europa;Slovacchia;10
2017;Europa;Slovenia;25
2017;Africa;Somalia;3
2017;Europa;Spagna;82
2017;Asia;Sri Lanka;5
2017;America;Stati Uniti d'America;131
2017;Europa;Stato della Cittŕ del Vaticano;2
2017;Africa;Sudafrica;9
2017;Africa;Sudan;4
2017;America;Suriname;1
2017;Europa;Svezia;10
2017;Europa;Svizzera;136
2017;Asia;Tagikistan;2
2017;Asia;Taiwan;3
2017;Africa;Tanzania;2
2017;Asia;Thailandia;5
2017;Asia;Timor Leste;1
2017;Africa;Togo;46
2017;Africa;Tunisia;52
2017;Europa;Turchia;114
2017;Europa;Ucraina;102
2017;Africa;Uganda;21
2017;Europa;Ungheria;44
2017;Europa;Unione Sovietica;2
2017;America;Uruguay;3
2017;Asia;Uzbekistan;103
2017;America;Venezuela;47
2017;Asia;Vietnam;62
2017;Asia;Yemen;4
2017;Africa;Zambia;2
2017;Africa;Zimbabwe;2
2016;Asia;Afghanistan;12
2016;Europa;Albania;551
2016;Africa;Algeria;6
2016;Africa;Angola;11
2016;America;Anguilla;1
2016;Asia;Arabia Saudita;6
2016;America;Argentina;63
2016;Asia;Armenia;9
2016;Oceania;Australia;6
2016;Europa;Austria;42
2016;Asia;Azerbaigian;22
2016;Asia;Bangladesh;32
2016;Europa;Belgio;47
2016;Africa;Benin;5
2016;Asia;Bhutan;2
2016;Europa;Bielorussia;66
2016;America;Bolivia;12
2016;Europa;Bosnia-Erzegovina;19
2016;America;Brasile;77
2016;Europa;Bulgaria;72
2016;Africa;Burkina Faso;4
2016;Africa;Burundi;4
2016;Asia;Cambogia;5
2016;Africa;Camerun;402
2016;America;Canada;22
2016;Europa;Cecoslovacchia;1
2016;Africa;Ciad;2
2016;America;Cile;18
2016;Asia;Cina;732
2016;Europa;Cipro;10
2016;America;Colombia;59
2016;Africa;Congo;19
2016;Asia;Corea del Nord;2
2016;Asia;Corea del Sud;7
2016;Africa;Costa d'Avorio;5
2016;America;Costa Rica;7
2016;Europa;Croazia;129
2016;America;Cuba;22
2016;Europa;Danimarca;4
2016;America;Ecuador;47
2016;Africa;Egitto;52
2016;America;El Salvador;4
2016;Asia;Emirati Arabi Uniti;4
2016;Africa;Eritrea;6
2016;Europa;Estonia;5
2016;Africa;Eswatini;1
2016;Africa;Etiopia;59
2016;Europa;Federazione russa;196
2016;Asia;Filippine;11
2016;Europa;Finlandia;4
2016;Europa;Francia;295
2016;Africa;Gabon;11
2016;Asia;Georgia;13
2016;Europa;Germania;183
2016;Africa;Ghana;22
2016;Asia;Giappone;11
2016;Africa;Gibuti;2
2016;Asia;Giordania;18
2016;Europa;Grecia;234
2016;America;Grenada;1
2016;America;Guatemala;5
2016;Africa;Guinea;2
2016;Africa;Guinea equatoriale;7
2016;Africa;Guinea-Bissau;1
2016;America;Haiti;1
2016;America;Honduras;5
2016;Asia;Hong Kong;5
2016;Asia;India;48
2016;Asia;Indonesia;15
2016;Asia;Iran;250
2016;Asia;Iraq;3
2016;Europa;Irlanda;11
2016;Asia;Israele;155
2016;Europa;Jogoslavia;5
2016;Asia;Kazakhstan;13
2016;Africa;Kenya;14
2016;Asia;Kirghizistan;2
2016;Europa;Kosovo;4
2016;Asia;Kuwait;2
2016;Europa;Lettonia;9
2016;Asia;Libano;104
2016;Africa;Libia;13
2016;Europa;Lituania;38
2016;Europa;Lussemburgo;10
2016;Europa;Macedonia del Nord;45
2016;Africa;Madagascar;5
2016;Africa;Malawi;1
2016;Asia;Malaysia;1
2016;Africa;Mali;3
2016;Europa;Malta;7
2016;Africa;Marocco;75
2016;America;Messico;43
2016;Europa;Moldova;169
2016;Europa;Monaco;4
2016;Asia;Mongolia;8
2016;Europa;Montenegro;37
2016;Africa;Mozambico;7
2016;Asia;Myanmar/Birmania;1
2016;Africa;Namibia;1
2016;Asia;Nepal;5
2016;America;Nicaragua;2
2016;Africa;Niger;1
2016;Africa;Nigeria;35
2016;non disponibile;non disponibile;172
2016;Europa;Norvegia;15
2016;Oceania;Nuova Zelanda;2
2016;Europa;Paesi Bassi;27
2016;Asia;Pakistan;82
2016;Asia;Palestina;16
2016;America;Panama;3
2016;America;Paraguay;8
2016;America;Perů;74
2016;Europa;Polonia;82
2016;Europa;Portogallo;14
2016;America;Portorico;1
2016;Europa;Regno Unito;68
2016;Europa;Repubblica ceca;11
2016;Africa;Repubblica Centrafricana;1
2016;Africa;Repubblica Democratica del Congo;13
2016;Europa;REPUBBLICA DEMOCRATICA TEDESCA;1
2016;America;Repubblica Dominicana;9
2016;Europa;Romania;209
2016;Africa;Ruanda;4
2016;Europa;San Marino;93
2016;Africa;Senegal;13
2016;Europa;Serbia;79
2016;Europa;Serbia e Montenegro;1
2016;Africa;Sierra Leone;1
2016;Asia;Singapore;4
2016;Asia;Siria;24
2016;Europa;Slovacchia;32
2016;Europa;Slovenia;22
2016;Africa;Somalia;5
2016;Europa;Spagna;94
2016;Asia;Sri Lanka;4
2016;America;Stati Uniti d'America;81
2016;Europa;Stato della Cittŕ del Vaticano;1
2016;Africa;Sudafrica;6
2016;Africa;Sudan;3
2016;Europa;Svezia;10
2016;Europa;Svizzera;144
2016;Asia;Tagikistan;3
2016;Asia;Taiwan;6
2016;Africa;Tanzania;3
2016;Asia;Thailandia;5
2016;Africa;Togo;76
2016;Africa;Tunisia;59
2016;Europa;Turchia;75
2016;Asia;Turkmenistan;2
2016;Europa;Ucraina;122
2016;Africa;Uganda;19
2016;Europa;Ungheria;43
2016;Europa;Unione Sovietica;1
2016;America;Uruguay;2
2016;Asia;Uzbekistan;109
2016;America;Venezuela;63
2016;Asia;Vietnam;46
2016;Asia;Yemen;1
2016;Africa;Zambia;2
2015;Asia;Afghanistan;8
2015;Europa;Albania;602
2015;Africa;Algeria;4
2015;Africa;Angola;19
2015;Asia;Arabia Saudita;6
2015;America;Argentina;69
2015;Asia;Armenia;12
2015;Oceania;Australia;13
2015;Europa;Austria;23
2015;Asia;Azerbaigian;12
2015;Asia;Bahrein;1
2015;Asia;Bangladesh;21
2015;Europa;Belgio;44
2015;Africa;Benin;5
2015;Europa;Bielorussia;77
2015;America;Bolivia;9
2015;Europa;Bosnia-Erzegovina;20
2015;America;Brasile;89
2015;Europa;Bulgaria;78
2015;Africa;Burkina Faso;6
2015;Africa;Burundi;5
2015;Asia;Cambogia;3
2015;Africa;Camerun;402
2015;America;Canada;14
2015;Africa;Capo Verde;1
2015;Africa;Ciad;3
2015;America;Cile;22
2015;Asia;Cina;750
2015;Europa;Cipro;7
2015;America;Colombia;57
2015;Africa;Congo;34
2015;Asia;Corea del Nord;1
2015;Asia;Corea del Sud;9
2015;Africa;Costa d'Avorio;11
2015;America;Costa Rica;3
2015;Europa;Croazia;142
2015;America;Cuba;14
2015;Europa;Danimarca;1
2015;America;Dominica;1
2015;America;Ecuador;53
2015;Africa;Egitto;57
2015;America;El Salvador;2
2015;Asia;Emirati Arabi Uniti;3
2015;Africa;Eritrea;8
2015;Europa;Estonia;6
2015;Africa;Eswatini;1
2015;Africa;Etiopia;57
2015;Europa;Federazione russa;202
2015;Asia;Filippine;9
2015;Europa;Finlandia;7
2015;Europa;Francia;265
2015;Africa;Gabon;10
2015;Asia;Georgia;13
2015;Europa;Germania;202
2015;Africa;Ghana;21
2015;Asia;Giappone;9
2015;Africa;Gibuti;5
2015;Asia;Giordania;20
2015;Europa;Grecia;280
2015;America;Guatemala;5
2015;Africa;Guinea;2
2015;Africa;Guinea equatoriale;3
2015;America;Haiti;2
2015;America;Honduras;8
2015;Asia;Hong Kong;1
2015;Asia;India;57
2015;Asia;Indonesia;16
2015;Asia;Iran;226
2015;Asia;Iraq;13
2015;Europa;Irlanda;15
2015;America;Isola di Guadalupe;1
2015;Asia;Israele;140
2015;Europa;Jersey;1
2015;Europa;Jogoslavia;2
2015;Asia;Kazakhstan;8
2015;Africa;Kenya;11
2015;Asia;Kirghizistan;3
2015;Europa;Kosovo;9
2015;Asia;Kuwait;1
2015;Europa;Lettonia;9
2015;Asia;Libano;101
2015;Africa;Libia;7
2015;Europa;Lituania;19
2015;Europa;Lussemburgo;8
2015;Europa;Macedonia del Nord;32
2015;Africa;Madagascar;3
2015;Africa;Malawi;1
2015;Asia;Malaysia;1
2015;Africa;Mali;1
2015;Europa;Malta;2
2015;Africa;Marocco;65
2015;Africa;Maurizio;2
2015;America;Messico;35
2015;Europa;Moldova;148
2015;Europa;Monaco;4
2015;Asia;Mongolia;4
2015;Europa;Montenegro;32
2015;Africa;Mozambico;4
2015;Asia;Myanmar/Birmania;1
2015;Asia;Nepal;3
2015;America;Nicaragua;2
2015;Africa;Niger;3
2015;Africa;Nigeria;28
2015;non disponibile;non disponibile;217
2015;Europa;Norvegia;13
2015;Oceania;Nuova Zelanda;1
2015;Asia;Oman;1
2015;Europa;Paesi Bassi;19
2015;Asia;Pakistan;62
2015;Asia;Palestina;13
2015;America;Panama;3
2015;America;Paraguay;8
2015;America;Perů;64
2015;Europa;Polonia;114
2015;Europa;Portogallo;13
2015;Europa;Regno Unito;53
2015;Europa;Repubblica ceca;12
2015;Africa;Repubblica Democratica del Congo;22
2015;America;Repubblica Dominicana;9
2015;Europa;REPUBBLICA FEDERALE TEDESCA;1
2015;Europa;Romania;255
2015;Africa;Ruanda;6
2015;Europa;San Marino;101
2015;Africa;Senegal;9
2015;Europa;Serbia;62
2015;Europa;Serbia e Montenegro;2
2015;Asia;Singapore;4
2015;Asia;Siria;11
2015;Europa;Slovacchia;30
2015;Europa;Slovenia;25
2015;Europa;Spagna;76
2015;Asia;Sri Lanka;1
2015;America;Stati Uniti d'America;67
2015;Africa;Sudafrica;3
2015;Africa;Sudan;2
2015;Europa;Svezia;9
2015;Europa;Svizzera;152
2015;Asia;Tagikistan;3
2015;Asia;Taiwan;6
2015;Africa;Tanzania;3
2015;Asia;Thailandia;7
2015;Africa;Togo;66
2015;Africa;Tunisia;36
2015;Europa;Turchia;104
2015;Europa;Ucraina;115
2015;Africa;Uganda;21
2015;Europa;Ungheria;30
2015;Europa;Unione Sovietica;4
2015;America;Uruguay;4
2015;Asia;Uzbekistan;203
2015;America;Venezuela;43
2015;Asia;Vietnam;28
2015;Africa;Zambia;1
2015;Africa;Zimbabwe;2
2014;Asia;Afghanistan;7
2014;Europa;Albania;713
2014;Africa;Algeria;14
2014;Africa;Angola;16
2014;America;Anguilla;1
2014;Asia;Arabia Saudita;6
2014;America;Argentina;45
2014;Asia;Armenia;8
2014;Oceania;Australia;5
2014;Europa;Austria;36
2014;Asia;Azerbaigian;3
2014;Asia;Bangladesh;22
2014;Europa;Belgio;37
2014;America;Belize;1
2014;Africa;Benin;6
2014;Europa;Bielorussia;59
2014;America;Bolivia;10
2014;Europa;Bosnia-Erzegovina;14
2014;America;Brasile;80
2014;Europa;Bulgaria;88
2014;Africa;Burkina Faso;2
2014;Africa;Burundi;6
2014;Asia;Cambogia;3
2014;Africa;Camerun;392
2014;America;Canada;16
2014;Europa;Cecoslovacchia;1
2014;Africa;Ciad;1
2014;America;Cile;13
2014;Asia;Cina;812
2014;Europa;Cipro;11
2014;America;Colombia;55
2014;Africa;Congo;27
2014;Asia;Corea del Sud;9
2014;Africa;Costa d'Avorio;5
2014;America;Costa Rica;1
2014;Europa;Croazia;178
2014;America;Cuba;19
2014;Europa;Danimarca;5
2014;America;Ecuador;51
2014;Africa;Egitto;80
2014;America;El Salvador;1
2014;Asia;Emirati Arabi Uniti;3
2014;Africa;Eritrea;4
2014;Europa;Estonia;6
2014;Africa;Etiopia;54
2014;Europa;Federazione russa;178
2014;Oceania;Figi;1
2014;Asia;Filippine;4
2014;Europa;Finlandia;11
2014;Europa;Francia;249
2014;Africa;Gabon;6
2014;Asia;Georgia;12
2014;Europa;Germania;211
2014;Africa;Ghana;8
2014;Asia;Giappone;16
2014;Africa;Gibuti;4
2014;Asia;Giordania;12
2014;Europa;Grecia;281
2014;America;Grenada;1
2014;America;Guatemala;2
2014;Africa;Guinea equatoriale;2
2014;America;Honduras;8
2014;Asia;India;29
2014;Asia;Indonesia;20
2014;Asia;Iran;198
2014;Asia;Iraq;8
2014;Europa;Islanda;1
2014;Asia;Israele;148
2014;Europa;Jogoslavia;4
2014;Asia;Kazakhstan;10
2014;Africa;Kenya;12
2014;Asia;Kirghizistan;3
2014;Europa;Kosovo;8
2014;Asia;Kuwait;4
2014;Asia;Laos;1
2014;Europa;Lettonia;19
2014;Asia;Libano;87
2014;Africa;Libia;7
2014;Europa;Lituania;41
2014;Europa;Lussemburgo;8
2014;Europa;Macedonia del Nord;35
2014;Africa;Madagascar;2
2014;Asia;Malaysia;1
2014;Africa;Mali;3
2014;Europa;Malta;6
2014;Africa;Marocco;79
2014;America;Messico;45
2014;Europa;Moldova;150
2014;Europa;Monaco;2
2014;Asia;Mongolia;7
2014;Europa;Montenegro;40
2014;Africa;Mozambico;9
2014;Asia;Myanmar/Birmania;1
2014;Asia;Nepal;2
2014;America;Nicaragua;3
2014;Africa;Nigeria;15
2014;non disponibile;non disponibile;276
2014;Europa;Norvegia;10
2014;Oceania;Nuova Zelanda;1
2014;Europa;Paesi Bassi;17
2014;Asia;Pakistan;45
2014;Asia;Palestina;10
2014;America;Panama;1
2014;America;Paraguay;8
2014;America;Perů;76
2014;Europa;Polonia;114
2014;Europa;Portogallo;20
2014;Asia;Qatar;1
2014;Europa;Regno Unito;52
2014;Europa;Repubblica ceca;17
2014;Africa;Repubblica Centrafricana;1
2014;Africa;Repubblica Democratica del Congo;13
2014;America;Repubblica Dominicana;11
2014;Europa;Romania;284
2014;Africa;Ruanda;4
2014;America;Saint Vincent e Grenadine;1
2014;Europa;San Marino;107
2014;Africa;Senegal;13
2014;Europa;Serbia;63
2014;Europa;Serbia e Montenegro;1
2014;Asia;Singapore;5
2014;Asia;Siria;7
2014;Europa;Slovacchia;34
2014;Europa;Slovenia;29
2014;Africa;Somalia;1
2014;Europa;Spagna;75
2014;Asia;Sri Lanka;2
2014;America;Stati Uniti d'America;53
2014;Africa;Sudafrica;2
2014;Africa;Sudan;1
2014;Europa;Svezia;14
2014;Europa;Svizzera;149
2014;Asia;Tagikistan;1
2014;Africa;Tanzania;2
2014;Asia;Thailandia;3
2014;Africa;Togo;53
2014;Africa;Tunisia;54
2014;Europa;Turchia;90
2014;Europa;Ucraina;124
2014;Africa;Uganda;15
2014;Europa;Ungheria;38
2014;Europa;Unione Sovietica;4
2014;Asia;Uzbekistan;54
2014;America;Venezuela;45
2014;Asia;Vietnam;30
2014;Asia;Yemen;1
2014;Africa;Zambia;2
2014;Africa;Zimbabwe;2
2013;Asia;Afghanistan;15
2013;Europa;Albania;745
2013;Africa;Algeria;7
2013;Africa;Angola;11
2013;Asia;Arabia Saudita;3
2013;America;Argentina;50
2013;Asia;Armenia;8
2013;Oceania;Australia;3
2013;Europa;Austria;33
2013;Asia;Azerbaigian;6
2013;Asia;Bahrein;1
2013;Asia;Bangladesh;19
2013;Europa;Belgio;38
2013;Africa;Benin;4
2013;Europa;Bielorussia;55
2013;America;Bolivia;11
2013;Europa;Bosnia-Erzegovina;25
2013;America;Brasile;87
2013;Europa;Bulgaria;88
2013;Africa;Burkina Faso;3
2013;Africa;Burundi;4
2013;Asia;Cambogia;1
2013;Africa;Camerun;393
2013;America;Canada;15
2013;Africa;Ciad;1
2013;America;Cile;21
2013;Asia;Cina;713
2013;Europa;Cipro;6
2013;America;Colombia;66
2013;Africa;Congo;34
2013;Asia;Corea del Sud;8
2013;Africa;Costa d'Avorio;2
2013;America;Costa Rica;6
2013;Europa;Croazia;159
2013;America;Cuba;8
2013;Europa;Danimarca;5
2013;America;Ecuador;42
2013;Africa;Egitto;64
2013;America;El Salvador;2
2013;Asia;Emirati Arabi Uniti;3
2013;Africa;Eritrea;4
2013;Europa;Estonia;5
2013;Africa;Etiopia;41
2013;Europa;Federazione russa;162
2013;Asia;Filippine;7
2013;Europa;Finlandia;7
2013;Europa;Francia;237
2013;Africa;Gabon;3
2013;Africa;Gambia;2
2013;Asia;Georgia;13
2013;Europa;Germania;178
2013;Africa;Ghana;7
2013;Asia;Giappone;13
2013;Africa;Gibuti;2
2013;Asia;Giordania;10
2013;Europa;Grecia;286
2013;America;Grenada;1
2013;America;Guatemala;3
2013;Africa;Guinea;1
2013;Africa;Guinea equatoriale;5
2013;America;Haiti;1
2013;America;Honduras;5
2013;Asia;Hong Kong;2
2013;Asia;India;28
2013;Asia;Indonesia;17
2013;Asia;Iran;181
2013;Asia;Iraq;6
2013;Europa;Irlanda;5
2013;Europa;Islanda;1
2013;Asia;Israele;114
2013;Europa;Jersey;1
2013;Europa;Jogoslavia;3
2013;Asia;Kazakhstan;4
2013;Africa;Kenya;6
2013;Asia;Kirghizistan;2
2013;Europa;Kosovo;4
2013;Asia;Laos;1
2013;Europa;Lettonia;11
2013;Asia;Libano;84
2013;Africa;Libia;4
2013;Europa;Lituania;32
2013;Europa;Lussemburgo;10
2013;Europa;Macedonia del Nord;40
2013;Africa;Madagascar;6
2013;Asia;Malaysia;1
2013;Europa;Malta;1
2013;Africa;Marocco;88
2013;Africa;Maurizio;1
2013;America;Messico;36
2013;Europa;Moldova;170
2013;Europa;Monaco;5
2013;Asia;Mongolia;2
2013;Europa;Montenegro;19
2013;Africa;Mozambico;6
2013;Asia;Nepal;1
2013;Africa;Niger;1
2013;Africa;Nigeria;14
2013;non disponibile;non disponibile;330
2013;Europa;Norvegia;16
2013;Asia;Oman;1
2013;Europa;Paesi Bassi;19
2013;Asia;Pakistan;35
2013;Asia;Palestina;6
2013;America;Paraguay;6
2013;America;Perů;81
2013;Europa;Polonia;125
2013;Europa;Portogallo;9
2013;Asia;Qatar;1
2013;Europa;Regno Unito;47
2013;Europa;Repubblica ceca;26
2013;Africa;Repubblica Democratica del Congo;16
2013;America;Repubblica Dominicana;6
2013;Europa;Romania;293
2013;Africa;Ruanda;4
2013;Europa;San Marino;91
2013;Africa;Senegal;14
2013;Europa;Serbia;89
2013;Europa;Serbia e Montenegro;6
2013;Asia;Singapore;1
2013;Europa;Slovacchia;32
2013;Europa;Slovenia;30
2013;Africa;Somalia;1
2013;Europa;Spagna;70
2013;Asia;Sri Lanka;4
2013;America;Stati Uniti d'America;62
2013;Africa;Sudafrica;5
2013;Africa;Sudan;2
2013;Europa;Svezia;7
2013;Europa;Svizzera;152
2013;Asia;Taiwan;8
2013;Africa;Tanzania;1
2013;Asia;Thailandia;4
2013;Africa;Togo;53
2013;Africa;Tunisia;46
2013;Europa;Turchia;56
2013;Europa;Ucraina;120
2013;Africa;Uganda;21
2013;Europa;Ungheria;25
2013;Europa;Unione Sovietica;4
2013;America;Uruguay;4
2013;Asia;Uzbekistan;33
2013;America;Venezuela;52
2013;Asia;Vietnam;19
2013;Asia;Yemen;3
2013;Africa;Zimbabwe;2
2012;Asia;Afghanistan;8
2012;Europa;Albania;812
2012;Africa;Algeria;9
2012;Africa;Angola;15
2012;Asia;Arabia Saudita;2
2012;America;Argentina;54
2012;Asia;Armenia;8
2012;Oceania;Australia;5
2012;Europa;Austria;35
2012;Asia;Azerbaigian;4
2012;Asia;Bahrein;1
2012;Asia;Bangladesh;13
2012;Europa;Belgio;37
2012;Africa;Benin;4
2012;Europa;Bielorussia;51
2012;America;Bolivia;11
2012;Europa;Bosnia-Erzegovina;20
2012;America;Brasile;91
2012;Europa;Bulgaria;78
2012;Africa;Burkina Faso;2
2012;Africa;Burundi;3
2012;Asia;Cambogia;2
2012;Africa;Camerun;342
2012;America;Canada;13
2012;Africa;Capo Verde;2
2012;Africa;Ciad;2
2012;America;Cile;22
2012;Asia;Cina;553
2012;Europa;Cipro;16
2012;America;Colombia;46
2012;Africa;Congo;20
2012;Asia;Corea del Nord;1
2012;Asia;Corea del Sud;14
2012;Africa;Costa d'Avorio;7
2012;America;Costa Rica;6
2012;Europa;Croazia;149
2012;America;Cuba;13
2012;Europa;Danimarca;1
2012;America;Ecuador;43
2012;Africa;Egitto;60
2012;America;El Salvador;3
2012;Asia;Emirati Arabi Uniti;5
2012;Africa;Eritrea;7
2012;Europa;Estonia;6
2012;Africa;Etiopia;10
2012;Europa;Federazione russa;165
2012;Asia;Filippine;10
2012;Europa;Finlandia;10
2012;Europa;Francia;210
2012;Africa;Gabon;2
2012;Africa;Gambia;1
2012;Asia;Georgia;9
2012;Europa;Germania;215
2012;Africa;Ghana;6
2012;Asia;Giappone;7
2012;Africa;Gibuti;1
2012;Asia;Giordania;10
2012;Europa;Grecia;253
2012;America;Grenada;1
2012;America;Guatemala;10
2012;Africa;Guinea;1
2012;Africa;Guinea-Bissau;1
2012;America;Haiti;1
2012;America;Honduras;8
2012;Asia;Hong Kong;2
2012;Asia;India;39
2012;Asia;Indonesia;14
2012;Asia;Iran;142
2012;Asia;Iraq;5
2012;Europa;Irlanda;12
2012;Asia;Israele;110
2012;Europa;Jogoslavia;3
2012;Asia;Kazakhstan;9
2012;Africa;Kenya;10
2012;Asia;Kirghizistan;1
2012;Oceania;Kiribati;1
2012;Europa;Kosovo;2
2012;Asia;Kuwait;3
2012;Europa;Lettonia;11
2012;Asia;Libano;75
2012;Africa;Libia;4
2012;Europa;Lituania;34
2012;Europa;Lussemburgo;10
2012;Asia;Macao;1
2012;Europa;Macedonia del Nord;43
2012;Africa;Madagascar;4
2012;Africa;Malawi;1
2012;Europa;Malta;3
2012;Africa;Marocco;79
2012;Africa;Maurizio;1
2012;America;Messico;34
2012;Europa;Moldova;157
2012;Europa;Monaco;5
2012;Asia;Mongolia;1
2012;Europa;Montenegro;26
2012;Africa;Mozambico;7
2012;Asia;Myanmar/Birmania;3
2012;Asia;Nepal;4
2012;America;Nicaragua;1
2012;Africa;Niger;1
2012;Africa;Nigeria;12
2012;non disponibile;non disponibile;422
2012;Europa;Norvegia;8
2012;Europa;Paesi Bassi;13
2012;Asia;Pakistan;33
2012;Asia;Palestina;7
2012;America;Panama;1
2012;America;Paraguay;7
2012;America;Perů;70
2012;Europa;Polonia;124
2012;Europa;Portogallo;10
2012;Europa;Regno Unito;26
2012;Europa;Repubblica ceca;12
2012;Africa;Repubblica Democratica del Congo;9
2012;America;Repubblica Dominicana;7
2012;Europa;REPUBBLICA FEDERALE TEDESCA;1
2012;Europa;Romania;294
2012;Africa;Ruanda;2
2012;Europa;San Marino;80
2012;Africa;Senegal;8
2012;Europa;Serbia;83
2012;Europa;Serbia e Montenegro;6
2012;Africa;Sierra Leone;2
2012;Asia;Singapore;2
2012;Asia;Siria;7
2012;Europa;Slovacchia;35
2012;Europa;Slovenia;34
2012;Africa;Somalia;1
2012;Europa;Spagna;66
2012;Asia;Sri Lanka;2
2012;America;Stati Uniti d'America;51
2012;Africa;Sudafrica;4
2012;Africa;Sudan;1
2012;Europa;Svezia;14
2012;Europa;Svizzera;144
2012;Asia;Taiwan;7
2012;Africa;Tanzania;2
2012;Asia;Thailandia;8
2012;Africa;Togo;24
2012;Africa;Tunisia;33
2012;Europa;Turchia;70
2012;Europa;Ucraina;98
2012;Africa;Uganda;17
2012;Europa;Ungheria;30
2012;Europa;Unione Sovietica;5
2012;America;Uruguay;1
2012;Asia;Uzbekistan;8
2012;America;Venezuela;41
2012;Asia;Vietnam;10
2012;Asia;Yemen;1
2012;Africa;Zimbabwe;1
2011;Asia;Afghanistan;13
2011;Europa;Albania;792
2011;Africa;Algeria;10
2011;Africa;Angola;10
2011;Asia;Arabia Saudita;1
2011;America;Argentina;45
2011;Asia;Armenia;7
2011;Oceania;Australia;2
2011;Europa;Austria;28
2011;Asia;Azerbaigian;3
2011;Asia;Bangladesh;16
2011;Europa;Belgio;40
2011;Africa;Benin;4
2011;Europa;Bielorussia;37
2011;America;Bolivia;6
2011;Europa;Bosnia-Erzegovina;13
2011;America;Brasile;101
2011;Europa;Bulgaria;93
2011;Africa;Burkina Faso;2
2011;Africa;Burundi;1
2011;Africa;Camerun;280
2011;America;Canada;18
2011;Africa;Ciad;5
2011;America;Cile;19
2011;Asia;Cina;374
2011;Europa;Cipro;14
2011;America;Colombia;43
2011;Africa;Congo;21
2011;Asia;Corea del Sud;5
2011;Africa;Costa d'Avorio;2
2011;America;Costa Rica;2
2011;Europa;Croazia;147
2011;America;Cuba;17
2011;Europa;Danimarca;2
2011;America;Ecuador;34
2011;Africa;Egitto;46
2011;America;El Salvador;3
2011;Asia;Emirati Arabi Uniti;3
2011;Africa;Eritrea;8
2011;Europa;Estonia;4
2011;Africa;Etiopia;31
2011;Europa;Federazione russa;116
2011;Asia;Filippine;4
2011;Europa;Finlandia;8
2011;Europa;Francia;197
2011;Africa;Gabon;1
2011;Asia;Georgia;7
2011;Europa;Germania;188
2011;Africa;Ghana;4
2011;Asia;Giappone;11
2011;Africa;Gibuti;2
2011;Asia;Giordania;9
2011;Europa;Grecia;240
2011;America;Guatemala;3
2011;America;Haiti;3
2011;America;Honduras;3
2011;Asia;India;11
2011;Asia;Indonesia;5
2011;Asia;Iran;114
2011;Asia;Iraq;6
2011;Europa;Irlanda;4
2011;Asia;Israele;90
2011;Europa;Jogoslavia;1
2011;Asia;Kazakhstan;2
2011;Africa;Kenya;6
2011;Asia;Kirghizistan;2
2011;Europa;Kosovo;2
2011;Asia;Kuwait;2
2011;Europa;Lettonia;5
2011;Asia;Libano;53
2011;Africa;Libia;4
2011;Europa;Lituania;32
2011;Europa;Lussemburgo;16
2011;Europa;Macedonia del Nord;30
2011;Africa;Madagascar;1
2011;Europa;Malta;5
2011;Africa;Marocco;59
2011;Africa;Mauritania;1
2011;Africa;Maurizio;1
2011;America;Messico;40
2011;Europa;Moldova;140
2011;Europa;Monaco;6
2011;Asia;Mongolia;2
2011;Europa;Montenegro;16
2011;Africa;Mozambico;3
2011;Africa;Namibia;1
2011;Asia;Nepal;4
2011;America;Nicaragua;2
2011;Africa;Niger;1
2011;Africa;Nigeria;7
2011;non disponibile;non disponibile;419
2011;Europa;Norvegia;7
2011;Europa;Paesi Bassi;7
2011;Asia;Pakistan;24
2011;Asia;Palestina;4
2011;America;Paraguay;6
2011;America;Perů;81
2011;Europa;Polonia;110
2011;Europa;Portogallo;13
2011;America;Portorico;1
2011;Asia;Qatar;1
2011;Europa;Regno Unito;33
2011;Europa;Repubblica ceca;20
2011;Africa;Repubblica Centrafricana;1
2011;Africa;Repubblica Democratica del Congo;8
2011;America;Repubblica Dominicana;6
2011;Europa;REPUBBLICA FEDERALE TEDESCA;1
2011;Europa;Romania;281
2011;Africa;Ruanda;1
2011;Europa;San Marino;106
2011;Africa;Senegal;6
2011;Europa;Serbia;70
2011;Europa;Serbia e Montenegro;2
2011;Asia;Singapore;1
2011;Asia;Siria;10
2011;Europa;Slovacchia;26
2011;Europa;Slovenia;33
2011;Africa;Somalia;4
2011;Europa;Spagna;55
2011;America;Stati Uniti d'America;45
2011;Africa;Sudafrica;2
2011;Africa;Sudan;2
2011;Europa;Svezia;24
2011;Europa;Svizzera;144
2011;Asia;Tagikistan;1
2011;Asia;Taiwan;1
2011;Africa;Tanzania;2
2011;Asia;Thailandia;6
2011;Africa;Togo;14
2011;Africa;Tunisia;39
2011;Europa;Turchia;65
2011;Oceania;Tuvalu;1
2011;Europa;Ucraina;81
2011;Africa;Uganda;3
2011;Europa;Ungheria;26
2011;Europa;Unione Sovietica;2
2011;America;Uruguay;2
2011;Asia;Uzbekistan;11
2011;America;Venezuela;46
2011;Asia;Vietnam;11
2011;Africa;Zimbabwe;3
2010;Asia;Afghanistan;9
2010;Europa;Albania;835
2010;Africa;Algeria;11
2010;Africa;Angola;4
2010;Asia;Arabia Saudita;2
2010;America;Argentina;64
2010;Asia;Armenia;4
2010;Oceania;Australia;7
2010;Europa;Austria;24
2010;Asia;Azerbaigian;3
2010;Asia;Bangladesh;14
2010;Europa;Belgio;29
2010;Africa;Benin;8
2010;Europa;Bielorussia;48
2010;America;Bolivia;4
2010;Europa;Bosnia-Erzegovina;14
2010;America;Brasile;73
2010;Europa;Bulgaria;106
2010;Africa;Burundi;5
2010;Asia;Cambogia;1
2010;Africa;Camerun;286
2010;America;Canada;15
2010;Africa;Ciad;3
2010;America;Cile;14
2010;Asia;Cina;223
2010;Europa;Cipro;11
2010;America;Colombia;47
2010;Africa;Congo;5
2010;Asia;Corea del Nord;1
2010;Asia;Corea del Sud;10
2010;Africa;Costa d'Avorio;1
2010;America;Costa Rica;6
2010;Europa;Croazia;145
2010;America;Cuba;13
2010;Europa;Danimarca;4
2010;America;Ecuador;22
2010;Africa;Egitto;14
2010;America;El Salvador;3
2010;Asia;Emirati Arabi Uniti;2
2010;Africa;Eritrea;5
2010;Europa;Estonia;6
2010;Africa;Etiopia;20
2010;Europa;Federazione russa;99
2010;Asia;Filippine;2
2010;Europa;Finlandia;10
2010;Europa;Francia;181
2010;Asia;Georgia;8
2010;Europa;Germania;183
2010;Africa;Ghana;5
2010;Asia;Giappone;15
2010;Africa;Gibuti;2
2010;Asia;Giordania;14
2010;Europa;Grecia;295
2010;America;Grenada;1
2010;America;Guatemala;1
2010;Africa;Guinea;2
2010;America;Honduras;1
2010;Asia;Hong Kong;1
2010;Asia;India;35
2010;Asia;Indonesia;11
2010;Asia;Iran;103
2010;Asia;Iraq;4
2010;Europa;Islanda;1
2010;America;Isole Turks e Caicos;1
2010;Asia;Israele;114
2010;Europa;Jogoslavia;3
2010;Asia;Kazakhstan;6
2010;Africa;Kenya;6
2010;Asia;Kirghizistan;1
2010;Europa;Kosovo;2
2010;Africa;Lesotho;1
2010;Europa;Lettonia;8
2010;Asia;Libano;53
2010;Africa;Libia;2
2010;Europa;Lituania;30
2010;Europa;Lussemburgo;14
2010;Europa;Macedonia del Nord;27
2010;Africa;Madagascar;6
2010;Africa;Malawi;1
2010;Asia;Malaysia;5
2010;Africa;Mali;1
2010;Europa;Malta;4
2010;Africa;Marocco;46
2010;Africa;Mauritania;2
2010;Africa;Maurizio;1
2010;America;Messico;25
2010;Europa;Moldova;125
2010;Europa;Monaco;2
2010;Asia;Mongolia;2
2010;Europa;Montenegro;15
2010;Africa;Mozambico;3
2010;Africa;Namibia;1
2010;Asia;Nepal;3
2010;America;Nicaragua;2
2010;Africa;Niger;2
2010;Africa;Nigeria;7
2010;non disponibile;non disponibile;518
2010;Europa;Norvegia;8
2010;Europa;Paesi Bassi;5
2010;Asia;Pakistan;8
2010;Asia;Palestina;5
2010;America;Panama;1
2010;America;Paraguay;1
2010;America;Perů;55
2010;Europa;Polonia;137
2010;Europa;Portogallo;6
2010;America;Portorico;1
2010;Europa;Regno Unito;28
2010;Europa;Repubblica ceca;22
2010;Africa;Repubblica Democratica del Congo;5
2010;America;Repubblica Dominicana;7
2010;Europa;Romania;251
2010;Africa;Ruanda;5
2010;Europa;San Marino;74
2010;Africa;Senegal;11
2010;Europa;Serbia;95
2010;Europa;Serbia e Montenegro;5
2010;Africa;Sierra Leone;1
2010;Asia;Singapore;5
2010;Asia;Siria;8
2010;Europa;Slovacchia;42
2010;Europa;Slovenia;44
2010;Africa;Somalia;1
2010;Europa;Spagna;71
2010;Asia;Sri Lanka;1
2010;America;Stati Uniti d'America;42
2010;Africa;Sudafrica;2
2010;Europa;Svezia;12
2010;Europa;Svizzera;151
2010;Asia;Tagikistan;1
2010;Africa;Tanzania;1
2010;Asia;Thailandia;13
2010;Africa;Togo;31
2010;America;Trinidad e Tobago;1
2010;Africa;Tunisia;24
2010;Europa;Turchia;46
2010;Europa;Ucraina;66
2010;Africa;Uganda;3
2010;Europa;Ungheria;12
2010;Europa;Unione Sovietica;3
2010;America;Uruguay;2
2010;Asia;Uzbekistan;4
2010;America;Venezuela;22
2010;Asia;Vietnam;10
